"artist","song","earliest","highestRank","year"
"2 Chainz Featuring Ariana Grande","Rule The World",2019-03-16,"
94
",2019
"2 Chainz Featuring Kendrick Lamar","Momma I Hit A Lick",2019-03-16,"
100
",2019
"2 Chainz Featuring Travis Scott","4 AM",2017-06-24,"
55
",2017
"2 Chainz Featuring Travis Scott","Whip",2019-03-16,"
75
",2019
"2 Chainz Featuring Ty Dolla $ign, Trey Songz & Jhene Aiko","It's A Vibe",2017-07-01,"
 60
",2017
"2 Chainz Featuring YG & Offset","Proud",2018-04-14,"
96
",2018
"2 Chainz x Gucci Mane x Quavo","Good Drank",2017-02-11,"
70
",2017
"2 Chainz, Drake & Quavo","Bigger > You",2018-06-30,"
53
",2018
"21 Savage","1.5",2019-01-05,"
86
",2019
"21 Savage","A Lot",2019-01-05,"
12
",2019
"21 Savage","All My Friends",2019-01-05,"
67
",2019
"21 Savage","ASMR",2019-01-05,"
95
",2019
"21 Savage","Bank Account",2017-07-29,"
12
",2017
"21 Savage","Break Da Law",2019-01-05,"
70
",2019
"21 Savage","Can't Leave Without It",2019-01-05,"
58
",2019
"21 Savage","Famous",2017-07-29,"
94
 ",2017
"21 Savage","Gun Smoke",2019-01-05,"
93
",2019
"21 Savage","Monster",2019-01-05,"
73
",2019
"21 Savage","Out For The Night",2019-01-05,"
88
",2019
"21 Savage","Red Opps",2017-01-07,"
74
",2017
"21 Savage & Metro Boomin","My Choppa Hate N****s",2017-11-18,"
73
",2017
"21 Savage & Metro Boomin","No Heart",2017-01-07,"
43
",2017
"21 Savage & Metro Boomin Featuring Future","X",2017-01-07,"
36
",2017
"21 Savage, Offset & Metro Boomin","Mad Stalkers",2017-11-25,"
99
",2017
"21 Savage, Offset & Metro Boomin Featuring Quavo","Rap Saved Me",2017-11-18,"
64
",2017
"21 Savage, Offset & Metro Boomin Featuring Travis Scott","Ghostface Killers",2017-11-18,"
35
",2017
"5 Seconds Of Summer","Want You Back",2018-03-10,"
61
",2018
"5 Seconds Of Summer","Youngblood",2018-06-16,"
10
",2018
"6ix9ine","Billy",2018-03-10,"
50
",2018
"6ix9ine","Gotti",2018-04-28,"
99
",2018
"6ix9ine","Gummo",2017-12-02,"
12
",2017
"6ix9ine","Kooda",2017-12-23,"
50
",2017
"6ix9ine Featuring A Boogie Wit da Hoodie","WAKA",2018-12-08,"
51
",2018
"6ix9ine Featuring Anuel AA","BEBE",2018-09-15,"
30
",2018
"6ix9ine Featuring Bobby Shmurda","STOOPID",2018-10-20,"
25
",2018
"6ix9ine Featuring DJ SPINKING","TATI",2018-06-09,"
46
",2018
"6ix9ine Featuring Lil Baby","TIC TOC",2018-12-08,"
53
",2018
"6ix9ine Featuring Nicki Minaj & Kanye West","MAMA",2018-12-08,"
100
",2018
"6ix9ine Featuring Nicki Minaj & Murda Beatz","FEFE",2018-08-04,"
10
",2018
"6ix9ine Featuring Tory Lanez","KIKA",2018-12-08,"
44
",2018
"6ix9ine Featuring Tory Lanez & Young Thug","RONDO",2018-03-10,"
73
",2018
"6ix9ine, Fetty Wap & A Boogie Wit da Hoodie","KEKE",2018-01-27,"
43
",2018
"6LACK","Prblms",2017-04-01,"
72
",2017
"6LACK Featuring J. Cole","Pretty Little Fears",2018-09-29,"
76
",2018
"A Boogie Wit da Hoodie","Look Back At It",2018-12-22,"
32
",2018
"A Boogie Wit da Hoodie","My Sh*t",2017-01-14,"
100
",2017
"A Boogie Wit da Hoodie","No Promises",2017-10-21,"
74
",2017
"A Boogie Wit da Hoodie","Say A'",2017-10-21,"
75
",2017
"A Boogie Wit da Hoodie Featuring 21 Savage","Undefeated",2017-10-21,"
84
",2017
"A Boogie Wit da Hoodie Featuring 6ix9ine","Swervin",2019-01-05,"
38
",2019
"A Boogie Wit da Hoodie Featuring DJ SPINKING","Timeless",2017-01-14,"
86
",2017
"A Boogie Wit da Hoodie Featuring Juice WRLD","Demons And Angels",2019-01-05,"
90
",2019
"A Boogie Wit da Hoodie Featuring Kodak Black","Drowning",2017-04-22,"
38
",2017
"A Boogie Wit da Hoodie Featuring Offset & Tyga","Startender",2019-01-05,"
59
",2019
"A Boogie Wit da Hoodie Featuring PnB Rock & YoungBoy Never Broke Again","Beast Mode",2017-10-21,"
86
",2017
"A$AP Ferg Featuring Nicki Minaj","Plain Jane",2017-10-14,"
26
",2017
"A$AP Rocky Featuring Moby","A$AP Forever",2018-04-21,"
63
",2018
"A$AP Rocky Featuring Skepta","Praise The Lord (Da Shine)",2018-06-09,"
45
",2018
"Addison Agen","Tennessee Rain",2018-01-03,"
67
",2018
"Adele","Water Under The Bridge",2017-01-07,"
26
",2017
"AJR","Burn The House Down",2018-12-01,"
100
",2018
"AJR","Weak",2017-04-29,"
73
",2017
"Alec Benjamin Featuring Alessia Cara","Let Me Down Slowly",2019-01-26,"
100
",2019
"Alessia Cara","Growing Pains",2018-07-14,"
65
",2018
"Alessia Cara","How Far I'll Go",2017-01-07,"
100
",2017
"Alessia Cara","Scars To Your Beautiful",2017-01-07,"
10
",2017
"Alice Merton","No Roots",2018-04-07,"
100
",2018
"Amine","Caroline",2017-01-07,"
11
",2017
"Andy Grammer","Fresh Eyes",2017-01-07,"
68
",2017
"Andy Williams","It's The Most Wonderful Time Of The Year",2017-01-07,"
10
",2017
"Anuel AA & Karol G","Secreto",2019-02-02,"
68
",2019
"Anuel AA & Romeo Santos","Ella Quiere Beber",2018-11-17,"
61
",2018
"Ariana Grande","7 Rings",2019-02-02,"
1
",2019
"Ariana Grande","Bad Idea",2019-02-23,"
27
",2019
"Ariana Grande","Bloodline",2019-02-23,"
22
",2019
"Ariana Grande","Break Up With Your Girlfriend, I'm Bored",2019-02-23,"
13
",2019
"Ariana Grande","Breathin",2018-09-01,"
12
",2018
"Ariana Grande","Everytime",2018-09-01,"
62
",2018
"Ariana Grande","Fake Smile",2019-02-23,"
26
",2019
"Ariana Grande","Ghostin",2019-02-23,"
25
",2019
"Ariana Grande","God Is A Woman",2018-07-28,"
 17
",2018
"Ariana Grande","Goodnight N Go",2018-09-01,"
87
",2018
"Ariana Grande","Imagine",2018-12-29,"
21
",2018
"Ariana Grande","In My Head",2019-02-23,"
38
",2019
"Ariana Grande","Make Up",2019-02-23,"
48
",2019
"Ariana Grande","NASA",2019-02-23,"
17
",2019
"Ariana Grande","Needy",2019-02-23,"
14
",2019
"Ariana Grande","No Tears Left To Cry",2018-05-05,"
10
",2018
"Ariana Grande","Pete Davidson",2018-09-01,"
99
",2018
"Ariana Grande","R.E.M",2018-09-01,"
72
",2018
"Ariana Grande","Sweetener",2018-09-01,"
55
",2018
"Ariana Grande","Thank U, Next",2018-11-17,"
1
",2018
"Ariana Grande & John Legend","Beauty And The Beast",2017-02-25,"
87
",2017
"Ariana Grande & Victoria Monet","Monopoly",2019-04-13,"
70
",2019
"Ariana Grande Featuring Future","Everyday",2017-03-04,"
55
",2017
"Ariana Grande Featuring Nicki Minaj","Side To Side",2017-01-07,"
12
",2017
"Ariana Grande Featuring Nicki Minaj","The Light Is Coming",2018-07-07,"
89
",2018
"Auli'i Cravalho","How Far I'll Go",2017-01-07,"
41
",2017
"Ava Max","Sweet But Psycho",2018-12-29,"
19
",2018
"Avicii","Wake Me Up!",2018-05-05,"
34
",2018
"Avril Lavigne","Head Above Water",2018-10-06,"
64
",2018
"Ayo & Teo","Rolex",2017-03-04,"
20
",2017
"Backstreet Boys","Don't Go Breaking My Heart",2018-06-02,"
63
",2018
"Bad Bunny","Solo de Mi",2019-01-12,"
93
",2019
"Bad Bunny Featuring Drake","MIA",2018-10-27,"
13
",2018
"Bad Wolves","Zombie",2018-03-24,"
54
",2018
"Bazzi","Mine",2018-02-03,"
 15
",2018
"Bazzi Featuring Camila Cabello","Beautiful",2018-08-18,"
26
",2018
"Bebe Rexha","I Got You",2017-01-21,"
43
",2017
"Bebe Rexha","I'm A Mess",2018-07-28,"
35
",2018
"Bebe Rexha","Last Hurrah",2019-04-06,"
98
",2019
"Bebe Rexha & Florida Georgia Line","Meant To Be",2017-11-11,"
10
",2017
"Becky G + Natti Natasha","Sin Pijama",2018-06-16,"
70
",2018
"Becky G Featuring Bad Bunny","Mayores",2017-11-04,"
100
",2017
"benny blanco & Juice WRLD Featuring Brendon Urie","Roses",2019-01-12,"
85
",2019
"benny blanco, Halsey & Khalid","Eastside",2018-07-28,"
10
",2018
"benny blanco, Tainy, Selena Gomez & J Balvin","I Can't Get Enough",2019-03-16,"
66
",2019
"Bhad Bhabie","Hi Bich",2017-10-21,"
68
",2017
"Bhad Bhabie","These Heaux",2017-09-23,"
77
",2017
"Bhad Bhabie Featuring Lil Yachty","Gucci Flip Flops",2018-05-19,"
79
",2018
"Big Sean","Bounce Back",2017-01-07,"
10
",2017
"Big Sean","Halfway Off The Balcony",2017-02-25,"
74
",2017
"Big Sean","Jump Out The Window",2017-02-25,"
76
",2017
"Big Sean","Moves",2017-01-14,"
38
",2017
"Big Sean","Owe Me",2017-02-25,"
86
",2017
"Big Sean & Metro Boomin Featuring 21 Savage","Pull Up N Wreck",2017-11-25,"
80
",2017
"Big Sean & Metro Boomin Featuring Travis Scott","Go Legend",2017-12-30,"
67
",2017
"Big Sean Featuring Eminem","No Favors",2017-02-25,"
22
",2017
"Big Sean Featuring Jeremih","Light",2017-02-25,"
97
",2017
"Big Sean Featuring Migos","Sacrifices",2017-02-25,"
70
",2017
"Billie Eilish","8",2019-04-13,"
79
",2019
"Billie Eilish","All The Good Girls Go To Hell",2019-04-13,"
46
",2019
"Billie Eilish","Bad Guy",2019-04-13,"
7
",2019
"Billie Eilish","Bury A Friend",2019-02-09,"
14
",2019
"Billie Eilish","Come Out And Play",2018-12-08,"
69
",2018
"Billie Eilish","I Love You",2019-04-13,"
53
",2019
"Billie Eilish","idontwannabeyouanymore",2019-01-12,"
100
",2019
"Billie Eilish","Ilomilo",2019-04-13,"
62
",2019
"Billie Eilish","Listen Before I Go",2019-04-13,"
63
",2019
"Billie Eilish","My Strange Addiction",2019-04-13,"
43
",2019
"Billie Eilish","Ocean Eyes",2018-12-01,"
94
",2018
"Billie Eilish","When The Party's Over",2018-11-03,"
29
",2018
"Billie Eilish","Wish You Were Gay",2019-03-16,"
31
",2019
"Billie Eilish","Xanny",2019-04-13,"
35
",2019
"Billie Eilish","You Should See Me In A Crown",2018-08-04,"
41
",2018
"Billie Eilish & Khalid","Lovely",2018-06-09,"
64
",2018
"Billy Currington","Do I Make You Wanna",2017-07-01,"
 93
",2017
"Bing Crosby","White Christmas",2018-12-29,"
34
",2018
"Blac Youngsta","Booty",2018-03-10,"
73
",2018
"blackbear","Do Re Mi",2017-05-13,"
40
",2017
"BLACKPINK","DDU-DU DDU-DU",2018-06-30,"
55
",2018
"Blake Shelton","A Guy With A Girl",2017-01-07,"
100
",2017
"Blake Shelton","Every Time I Hear That Song",2017-05-27,"
56
",2017
"Blake Shelton","God's Country",2019-04-13,"
59
",2019
"Blake Shelton","I Lived It",2018-03-17,"
 80
",2018
"Blake Shelton","I'll Name The Dogs",2017-09-30,"
56
",2017
"BlocBoy JB Featuring Drake","Look Alive",2018-02-24,"
 9
",2018
"Blueface","Thotiana",2019-01-26,"
11
",2019
"Bobby Helms","Jingle Bell Rock",2017-01-07,"
13
",2017
"Brad Paisley","Today",2017-01-28,"
67
",2017
"Bradley Cooper","Maybe It's Time",2018-10-20,"
93
",2018
"Brantley Gilbert","The Weekend",2017-01-21,"
64
",2017
"Brenda Lee","Rockin' Around The Christmas Tree",2017-01-07,"
11
",2017
"Brett Eldredge","The Long Way",2018-02-17,"
65
",2018
"Brett Eldredge","Wanna Be That Song",2017-01-07,"
46
",2017
"Brett Young","Here Tonight",2019-01-12,"
51
",2019
"Brett Young","In Case You Didn't Know",2017-02-25,"
 80
",2017
"Brett Young","Like I Loved You",2017-10-14,"
46
",2017
"Brett Young","Mercy",2018-05-19,"
29
",2018
"Brett Young","Sleep Without You",2017-01-07,"
62
",2017
"Brothers Osborne","It Ain't My Fault",2017-07-01,"
100
",2017
"Bruno Mars","24K Magic",2017-01-07,"
10
",2017
"Bruno Mars","That's What I Like",2017-02-11,"
1
",2017
"Bruno Mars","Versace On The Floor",2017-01-07,"
100
",2017
"Bruno Mars & Cardi B","Finesse",2018-01-13,"
10
",2018
"Bryce Vine","Drew Barrymore",2018-08-25,"
46
",2018
"Bryson Tiller","Don't Get Too High",2017-06-17,"
89
",2017
"Bryson Tiller","No Longer Friends",2017-06-17,"
98
",2017
"Bryson Tiller","Run Me Dry",2017-06-17,"
91
",2017
"Bryson Tiller","Self-Made",2017-06-17,"
85
",2017
"Bryson Tiller","Somethin Tells Me",2017-06-17,"
74
",2017
"BTS","DNA",2017-10-07,"
67
",2017
"BTS","Fake Love",2018-06-02,"
10
",2018
"BTS Featuring Desiigner","MIC Drop",2017-12-16,"
28
",2017
"BTS Featuring Nicki Minaj","IDOL",2018-09-08,"
11
",2018
"Burl Ives","A Holly Jolly Christmas",2017-01-07,"
10
",2017
"Calboy","Envy Me",2018-12-29,"
36
",2018
"Calum Scott","Dancing On My Own",2017-02-11,"
93
",2017
"Calvin Harris & Dua Lipa","One Kiss",2018-04-21,"
26
",2018
"Calvin Harris & Sam Smith","Promises",2018-09-01,"
65
",2018
"Calvin Harris Featuring Frank Ocean & Migos","Slide",2017-03-18,"
25
",2017
"Calvin Harris Featuring Future & Khalid","Rollin",2017-06-03,"
62
",2017
"Calvin Harris Featuring Kehlani & Lil Yachty","Faking It",2017-12-09,"
100
",2017
"Calvin Harris Featuring Pharrell Williams, Katy Perry & Big Sean","Feels",2017-07-08,"
20
",2017
"Calvin Harris Featuring Young Thug, Pharrell Williams & Ariana Grande","Heatstroke",2017-04-22,"
96
",2017
"Camila Cabello","Consequences",2018-11-17,"
51
",2018
"Camila Cabello","Crying In The Club",2017-06-10,"
47
",2017
"Camila Cabello","Never Be The Same",2017-12-30,"
13
",2017
"Camila Cabello Featuring Quavo","OMG",2017-08-26,"
 81
",2017
"Camila Cabello Featuring Young Thug","Havana",2017-08-26,"
1
",2017
"Cardi B","Be Careful",2018-04-14,"
11
",2018
"Cardi B","Bickenhead",2018-04-21,"
43
",2018
"Cardi B","Bodak Yellow (Money Moves)",2017-07-22,"
1
",2017
"Cardi B","Get Up 10",2018-04-21,"
38
",2018
"Cardi B","Money",2018-11-03,"
13
",2018
"Cardi B","Money Bag",2018-04-21,"
58
",2018
"Cardi B","Thru Your Phone",2018-04-21,"
50
",2018
"Cardi B & Bruno Mars","Please Me",2019-03-02,"
14
",2019
"Cardi B & YG","She Bad",2018-04-21,"
57
",2018
"Cardi B Featuring 21 Savage","Bartier Cardi",2018-01-06,"
14
",2018
"Cardi B Featuring Chance The Rapper","Best Life",2018-04-21,"
100
",2018
"Cardi B Featuring Kehlani","Ring",2018-04-21,"
28
",2018
"Cardi B Featuring Migos","Drip",2018-04-21,"
21
",2018
"Cardi B Featuring SZA","I Do",2018-04-21,"
23
",2018
"Cardi B, Bad Bunny & J Balvin","I Like It",2018-04-21,"
 42
",2018
"Carly Pearce","Every Little Thing",2017-08-19,"
50
",2017
"Carrie Underwood","Cry Pretty",2018-04-28,"
 91
",2018
"Carrie Underwood","Dirty Laundry",2017-01-07,"
48
",2017
"Carrie Underwood","Love Wins",2019-01-12,"
100
",2019
"Carrie Underwood Featuring Ludacris","The Champion",2018-01-27,"
47
",2018
"Casper Magico, Nio Garcia, Darell, Nicky Jam, Ozuna & Bad Bunny","Te Bote",2018-05-05,"
36
",2018
"Chance The Rapper","I Might Need Security",2018-08-04,"
60
",2018
"Charlie Puth","Attention",2017-05-13,"
10
",2017
"Charlie Puth","How Long",2017-10-28,"
21
",2017
"Charlie Puth","The Way I Am",2018-09-08,"
61
",2018
"Charlie Puth Featuring Kehlani","Done For Me",2018-05-19,"
53
",2018
"Chase Rice","Eyes On You",2019-03-02,"
54
",2019
"Cheat Codes Featuring Demi Lovato","No Promises",2017-06-03,"
38
",2017
"Childish Gambino","Feels Like Summer",2018-09-15,"
54
",2018
"Childish Gambino","Redbone",2017-01-07,"
12
",2017
"Childish Gambino","Summertime Magic",2018-07-28,"
100
",2018
"Childish Gambino","This Is America",2018-05-19,"
1
",2018
"China Anne McClain, Thomas Doherty & Dylan Playfair","What's My Name",2017-08-12,"
61
",2017
"Chloe Kohanski","Total Eclipse Of The Heart",2017-12-16,"
99
",2017
"Chloe Kohanski","Wish I Didn't Love You",2018-01-03,"
69
",2018
"Chris Blue","Money On You",2017-06-10,"
66
",2017
"Chris Brown","Privacy",2017-05-20,"
62
",2017
"Chris Brown","Questions",2017-09-09,"
78
",2017
"Chris Brown","Tempo",2018-03-17,"
88
",2018
"Chris Brown","Undecided",2019-01-19,"
 65
",2019
"Chris Brown Featuring Future & Young Thug","High End",2017-11-04,"
100
",2017
"Chris Brown Featuring Usher & Gucci Mane","Party",2017-01-07,"
40
",2017
"Chris Brown Featuring Yo Gotti, A Boogie Wit da Hoodie & Kodak Black","Pills And Automobiles",2017-09-30,"
46
",2017
"Chris Janson","Drunk Girl",2018-09-08,"
79
",2018
"Chris Janson","Fix A Drink",2017-09-02,"
67
",2017
"Chris Lane","For Her",2017-08-19,"
92
",2017
"Chris Lane Featuring Tori Kelly","Take Back Home Girl",2018-04-14,"
100
",2018
"Chris Stapleton","Broken Halos",2017-05-06,"
45
",2017
"Chris Stapleton","Either Way",2017-05-27,"
89
",2017
"Chris Stapleton","Millionaire",2018-11-24,"
47
",2018
"Chris Stapleton","Parachute",2017-01-14,"
 90
",2017
"Chris Young","Hangin' On",2018-09-15,"
63
",2018
"Chris Young","Losing Sleep",2017-10-14,"
60
",2017
"Chris Young Featuring Vince Gill","Sober Saturday Night",2017-01-21,"
47
",2017
"Chuck Berry","Run Rudolph Run",2019-01-05,"
45
",2019
"Ciara","Level Up",2018-08-04,"
59
",2018
"City Girls","Act Up",2019-03-16,"
43
",2019
"City Girls Featuring Cardi B","Twerk",2018-12-01,"
29
",2018
"Clean Bandit Featuring Demi Lovato","Solo",2018-07-07,"
58
",2018
"Clean Bandit Featuring Julia Michaels","I Miss You",2018-01-20,"
92
",2018
"Clean Bandit Featuring Sean Paul & Anne-Marie","Rockabye",2017-01-07,"
10
",2017
"Cody Johnson","On My Way To You",2019-02-02,"
100
",2019
"Cole Swindell","Break Up In The End",2018-03-10,"
49
",2018
"Cole Swindell","Flatliner",2017-04-29,"
 56
",2017
"D.R.A.M. Featuring Lil Yachty","Broccoli",2017-01-07,"
10
",2017
"DaBaby","Suge",2019-04-13,"
87
",2019
"Daddy Yankee","Dura",2018-02-17,"
43
",2018
"Daddy Yankee","Shaky Shaky",2017-01-14,"
100
",2017
"Daddy Yankee Featuring Snow","Con Calma",2019-02-09,"
48
",2019
"Dan + Shay","How Not To",2017-04-22,"
100
",2017
"Dan + Shay","Speechless",2018-09-22,"
24
",2018
"Dan + Shay","Tequila",2018-01-27,"
21
",2018
"Daniel Caesar Featuring H.E.R.","Best Part",2018-08-04,"
75
",2018
"Daniel Caesar Featuring Kali Uchis","Get You",2018-03-03,"
 99
",2018
"Darius Rucker","For The First Time",2018-04-07,"
58
",2018
"Darius Rucker","If I Told You",2017-04-29,"
53
",2017
"Darlene Love","Christmas (Baby Please Come Home)",2018-12-29,"
43
",2018
"David Guetta Featuring Justin Bieber","2U",2017-07-01,"
16
",2017
"David Lee Murphy & Kenny Chesney","Everything's Gonna Be Alright",2018-05-05,"
66
",2018
"Dean Lewis","Be Alright",2018-11-10,"
23
",2018
"Dean Martin","Let It Snow, Let It Snow, Let It Snow",2018-12-15,"
20
",2018
"DeJ Loaf","No Fear",2017-09-23,"
100
",2017
"Demi Lovato","Sober",2018-07-07,"
47
",2018
"Demi Lovato","Sorry Not Sorry",2017-07-29,"
10
",2017
"Demi Lovato","Tell Me You Love Me",2017-09-16,"
53
",2017
"Dennis Lloyd","Nevermind",2018-08-04,"
 99
",2018
"Derez De'Shon","Hardaway",2018-02-17,"
100
",2018
"Descendants 2 Cast","It's Goin' Down",2017-08-12,"
77
",2017
"Devin Dawson","All On Me",2017-11-18,"
52
",2017
"Dierks Bentley","Black",2017-02-04,"
56
",2017
"Dierks Bentley","Woman, Amen",2018-04-14,"
53
",2018
"Dierks Bentley Featuring Brothers Osborne","Burning Man",2018-11-03,"
100
",2018
"Diplo, French Montana & Lil Pump Featuring Zhavia Ward","Welcome To The Party",2018-06-02,"
100
",2018
"DJ ESCO Featuring Future & Lil Uzi Vert","Too Much Sauce",2017-01-07,"
50
",2017
"DJ Khaled & Calvin Harris Featuring Travis Scott & Jeremih","Don't Quit",2017-07-15,"
68
",2017
"DJ Khaled Featuring Beyonce & JAY Z","Shining",2017-03-04,"
57
",2017
"DJ Khaled Featuring Drake","To The Max",2017-06-24,"
53
",2017
"DJ Khaled Featuring JAY Z, Future & B","Top Off",2018-03-17,"
22
",2018
"DJ Khaled Featuring Justin Bieber, Chance The Rapper & Quavo","No Brainer",2018-08-11,"
10
",2018
"DJ Khaled Featuring Justin Bieber, Quavo, Chance The Rapper & Lil Wayne","I'm The One",2017-05-20,"
1
",2017
"DJ Khaled Featuring Nicki Minaj, Chris Brown, August Alsina, Jeremih, Future & Rick Ross","Do You Mind",2017-01-07,"
57
",2017
"DJ Khaled Featuring Rihanna & Bryson Tiller","Wild Thoughts",2017-07-08,"
12
",2017
"DJ Khaled Featuring Travis Scott, Rick Ross & Big Sean","On Everything",2017-07-15,"
88
",2017
"DJ Luke Nasty","OTW",2017-01-07,"
71
",2017
"DJ Snake Featuring Justin Bieber","Let Me Love You",2017-01-07,"
14
",2017
"DJ Snake Featuring Selena Gomez, Ozuna & Cardi B","Taki Taki",2018-10-13,"
11
",2018
"DJ Suede The Remix God","Cash Me Outside (#CashMeOutside)",2017-03-04,"
72
",2017
"Drake","8 Out Of 10",2018-07-14,"
21
",2018
"Drake","Blem",2017-04-08,"
38
",2017
"Drake","Blue Tint",2018-07-14,"
30
",2018
"Drake","Can't Have Everything",2017-04-08,"
82
",2017
"Drake","Can't Take A Joke",2018-07-14,"
100
",2018
"Drake","Diplomatic Immunity",2018-02-03,"
55
",2018
"Drake","Do Not Disturb",2017-04-08,"
60
",2017
"Drake","Elevate",2018-07-14,"
14
",2018
"Drake","Emotionless",2018-07-14,"
38
",2018
"Drake","Fake Love",2017-01-07,"
10
",2017
"Drake","Final Fantasy",2018-07-14,"
56
",2018
"Drake","Finesse",2018-07-14,"
42
",2018
"Drake","Free Smoke",2017-04-08,"
18
",2017
"Drake","God's Plan",2018-02-03,"
1
",2018
"Drake","Gyalchester",2017-04-08,"
29
",2017
"Drake","I'm Upset",2018-06-09,"
15
",2018
"Drake","In My Feelings",2018-07-14,"
1
",2018
"Drake","Is There More",2018-07-14,"
100
",2018
"Drake","Jaded",2018-07-14,"
32
",2018
"Drake","Jorja Interlude",2017-04-08,"
49
",2017
"Drake","Lose You",2017-04-08,"
64
",2017
"Drake","Madiba Riddim",2017-04-08,"
51
",2017
"Drake","March 14",2018-07-14,"
57
",2018
"Drake","Mob Ties",2018-07-14,"
13
",2018
"Drake","Nice For What",2018-04-21,"
 1
",2018
"Drake","Nonstop",2018-07-14,"
 29
",2018
"Drake","Nothings Into Somethings",2017-04-08,"
61
",2017
"Drake","Passionfruit",2017-04-08,"
10
",2017
"Drake","Peak",2018-07-14,"
38
",2018
"Drake","Ratchet Happy Birthday",2018-07-14,"
51
",2018
"Drake","Sandra's Rose",2018-07-14,"
27
",2018
"Drake","Signs",2017-07-15,"
100
",2017
"Drake","Skepta Interlude",2017-04-08,"
76
",2017
"Drake","Summer Games",2018-07-14,"
28
",2018
"Drake","Survival",2018-07-14,"
17
",2018
"Drake","Teenage Fever",2017-04-08,"
35
",2017
"Drake","That's How You Feel",2018-07-14,"
37
",2018
"Drake Featuring 2 Chainz & Young Thug","Sacrifices",2017-04-08,"
36
",2017
"Drake Featuring 21 Savage","Sneakin'",2017-01-07,"
63
",2017
"Drake Featuring Giggs","KMT",2017-04-08,"
48
",2017
"Drake Featuring Giggs","No Long Talk",2017-04-08,"
40
",2017
"Drake Featuring JAY-Z","Talk Up",2018-07-14,"
100
",2018
"Drake Featuring Jorja Smith & Black Coffee","Get It Together",2017-04-08,"
45
",2017
"Drake Featuring Kanye West","Glow",2017-04-08,"
54
",2017
"Drake Featuring Michael Jackson","Don't Matter To Me",2018-07-14,"
21
",2018
"Drake Featuring PARTYNEXTDOOR","Since Way Back",2017-04-08,"
70
",2017
"Drake Featuring Quavo & Travis Scott","Portland",2017-04-08,"
21
",2017
"Drake Featuring Sampha","4422",2017-04-08,"
50
",2017
"Drake Featuring Static Major & Ty Dolla $ign","After Dark",2018-07-14,"
41
",2018
"Drake Featuring Young Thug","Ice Melts",2017-04-08,"
62
",2017
"Dua Lipa","IDGAF",2018-01-27,"
49
",2018
"Dua Lipa","New Rules",2017-08-19,"
11
",2017
"Dua Lipa & BLACKPINK","Kiss And Make Up",2018-11-03,"
93
",2018
"Dustin Lynch","Good Girl",2018-11-24,"
44
",2018
"Dustin Lynch","Seein' Red",2017-01-14,"
55
",2017
"Dustin Lynch","Small Town Boy",2017-06-24,"
 75
",2017
"Dwayne Johnson","You're Welcome",2017-01-07,"
100
",2017
"Dylan Scott","Hooked",2018-07-28,"
48
",2018
"Dylan Scott","My Girl",2017-05-13,"
39
",2017
"Easton Corbin","A Girl Like You",2018-02-17,"
98
",2018
"Ed Sheeran","Barcelona",2017-03-25,"
96
",2017
"Ed Sheeran","Castle On The Hill",2017-01-28,"
21
",2017
"Ed Sheeran","Dive",2017-03-25,"
49
",2017
"Ed Sheeran","Eraser",2017-03-25,"
90
",2017
"Ed Sheeran","Galway Girl",2017-03-25,"
53
",2017
"Ed Sheeran","Happier",2017-03-25,"
59
",2017
"Ed Sheeran","Hearts Don't Break Around Here",2017-03-25,"
93
 ",2017
"Ed Sheeran","How Would You Feel (Paean)",2017-03-11,"
41
",2017
"Ed Sheeran","New Man",2017-03-25,"
72
",2017
"Ed Sheeran","Perfect",2017-03-25,"
1
",2017
"Ed Sheeran","Shape Of You",2017-01-28,"
1
",2017
"Ed Sheeran","Supermarket Flowers",2017-03-25,"
75
",2017
"Ed Sheeran","What Do I Know?",2017-03-25,"
83
",2017
"Ella Mai","Boo'd Up",2018-04-14,"
10
",2018
"Ella Mai","Shot Clock",2019-02-09,"
62
",2019
"Ella Mai","Trip",2018-08-18,"
11
",2018
"Ellie Goulding X Diplo Featuring Swae Lee","Close To Me",2018-12-01,"
100
",2018
"Elvis Presley","Blue Christmas",2019-01-05,"
40
",2019
"Eminem","Believe",2018-01-03,"
92
",2018
"Eminem","Fall",2018-09-15,"
12
",2018
"Eminem","Greatest",2018-09-15,"
23
",2018
"Eminem","Kamikaze",2018-09-15,"
16
",2018
"Eminem","Killshot",2018-09-29,"
3
",2018
"Eminem","Normal",2018-09-15,"
39
",2018
"Eminem","Stepping Stone",2018-09-15,"
42
",2018
"Eminem","The Ringer",2018-09-15,"
39
",2018
"Eminem","Untouchable",2017-12-30,"
86
",2017
"Eminem","Venom",2018-09-15,"
43
",2018
"Eminem & Jessie Reyez","Nice Guy",2018-09-15,"
65
",2018
"Eminem Featuring Beyonce","Walk On Water",2017-12-02,"
14
",2017
"Eminem Featuring Ed Sheeran","River",2018-01-03,"
11
",2018
"Eminem Featuring Jessie Reyez","Good Guy",2018-09-15,"
67
",2018
"Eminem Featuring Joyner Lucas","Lucky You",2018-09-15,"
100
",2018
"Eminem Featuring Royce Da 5'9","Not Alike",2018-09-15,"
24
",2018
"Enrique Iglesias Featuring Bad Bunny","El Bano",2018-01-27,"
98
",2018
"Enrique Iglesias Featuring Descemer Bueno, Zion & Lennox Or Sean Paul","Subeme La Radio",2017-04-22,"
 92
",2017
"Eric Church","Desperate Man",2018-07-28,"
68
",2018
"Eric Church","Round Here Buzz",2017-10-14,"
56
",2017
"Eric Church Featuring Rhiannon Giddens","Kill A Word",2017-01-14,"
71
",2017
"Famous Dex","Japan",2018-04-07,"
28
",2018
"Famous Dex Featuring A$AP Rocky","Pick It Up",2017-12-02,"
54
",2017
"Farruko, Nicki Minaj, Bad Bunny, 21 Savage & Rvssian","Krippy Kush",2017-12-16,"
75
",2017
"Fifth Harmony Featuring Gucci Mane","Down",2017-06-24,"
42
",2017
"Fitz And The Tantrums","HandClap",2017-01-07,"
53
",2017
"FLETCHER","Undrunk",2019-03-23,"
61
",2019
"Flipp Dinero","Leave Me Alone",2018-09-29,"
20
",2018
"Flo Rida & 99 Percent","Cake",2017-04-29,"
73
",2017
"Florida Georgia Line","Simple",2018-06-16,"
32
",2018
"Florida Georgia Line","Smooth",2017-10-21,"
89
",2017
"Florida Georgia Line","Talk You Out Of It",2019-03-02,"
80
",2019
"Florida Georgia Line Featuring Backstreet Boys","God, Your Mama, And Me",2017-03-18,"
46
",2017
"Florida Georgia Line Featuring Tim McGraw","May We All",2017-01-07,"
42
",2017
"Flume Featuring Tove Lo","Say It",2017-02-04,"
94
",2017
"Foster The People","Sit Next To Me",2018-03-31,"
42
",2018
"Frank Ocean","Chanel",2017-04-01,"
72
",2017
"Frank Sinatra","Jingle Bells",2019-01-05,"
49
",2019
"French Montana Featuring Drake","No Stylist",2018-10-06,"
 73
",2018
"French Montana Featuring Swae Lee","Unforgettable",2017-04-29,"
10
",2017
"French Montana Featuring The Weeknd & Max B","A Lie",2017-08-05,"
75
",2017
"Future","31 Days",2018-07-21,"
65
",2018
"Future","4 Da Gang",2017-11-11,"
92
",2017
"Future","Call The Coroner",2019-02-02,"
100
",2019
"Future","Crushed Up",2019-01-19,"
43
",2019
"Future","Cuddle My Wrist",2018-07-21,"
71
",2018
"Future","Draco",2017-03-11,"
46
",2017
"Future","F&N",2019-02-02,"
83
",2019
"Future","Feed Me Dope",2017-11-11,"
68
",2017
"Future","Jumpin On A Jet",2019-01-26,"
 80
",2019
"Future","Mask Off",2017-03-11,"
11
",2017
"Future","Never Stop",2019-02-02,"
65
",2019
"Future","Racks Blue",2018-07-21,"
76
",2018
"Future","Rent Money",2017-03-11,"
54
",2017
"Future","Rocket Ship",2019-02-02,"
79
",2019
"Future","Super Trapper",2017-03-11,"
91
",2017
"Future","Temptation",2019-02-02,"
76
",2019
"Future","Wifi Lit",2018-07-21,"
53
",2018
"Future","Zoom",2017-03-11,"
99
",2017
"Future & Juice WRLD","Astronauts",2018-11-03,"
 82
",2018
"Future & Juice WRLD","Fine China",2018-11-03,"
26
",2018
"Future & Juice WRLD Featuring Young Scooter","Jet Lag",2018-11-03,"
72
",2018
"Future & Young Thug","All Da Smoke",2017-11-11,"
77
",2017
"Future & Young Thug","No Cap",2017-11-11,"
62
",2017
"Future & Young Thug","Three",2017-11-11,"
100
",2017
"Future & Young Thug Featuring Offset","Patek Water",2017-11-11,"
100
",2017
"Future Featuring Drake","Used To This",2017-01-07,"
45
",2017
"Future Featuring Nicki Minaj","You Da Baddest",2017-08-19,"
38
",2017
"Future Featuring Rihanna","Selfish",2017-03-18,"
37
",2017
"Future Featuring The Weeknd","Comin Out Strong",2017-03-18,"
48
",2017
"Future Featuring Travis Scott","First Off",2019-02-02,"
47
",2019
"Future Featuring YG","Extra Luv",2017-07-22,"
99
",2017
"G-Eazy","The Plan",2017-12-02,"
96
",2017
"G-Eazy & Halsey","Him & I",2017-12-23,"
14
",2017
"G-Eazy & Kehlani","Good Life",2017-05-06,"
59
",2017
"G-Eazy Featuring A$AP Rocky & Cardi B","No Limit",2017-09-30,"
10
",2017
"G-Eazy Featuring Marc E. Bassy","Some Kind Of Drug",2017-02-18,"
100
",2017
"G-Eazy Featuring Yo Gotti & YBN Nahmir","1942",2018-07-28,"
70
",2018
"Garth Brooks","Ask Me How I Know",2017-11-04,"
71
",2017
"Gene Autry","Here Comes Santa Claus (Down Santa Claus Lane)",2018-12-22,"
28
",2018
"Gene Autry","Rudolph The Red-Nosed Reindeer",2018-12-15,"
16
",2018
"George Michael","Faith",2017-01-14,"
47
",2017
"Gesaffelstein & The Weeknd","Lost In The Fire",2019-01-26,"
27
",2019
"gnash Featuring Olivia O'Brien","I Hate U I Love U",2017-01-07,"
31
",2017
"GoldLink Featuring Brent Faiyaz & Shy Glizzy","Crew",2017-07-15,"
45
",2017
"Gorillaz Featuring George Benson","Humility",2018-06-16,"
85
",2018
"Granger Smith","If The Boot Fits",2017-01-28,"
100
",2017
"Gucci Mane & Nicki Minaj","Make Love",2017-03-18,"
78
",2017
"Gucci Mane Featuring Drake","Both",2017-01-07,"
41
",2017
"Gucci Mane Featuring Migos","I Get The Bag",2017-09-09,"
11
",2017
"Gucci Mane Featuring Offset","Met Gala",2017-06-17,"
88
",2017
"Gucci Mane Featuring Slim Jxmmi & Young Dolph","Stunting Ain't Nuthin",2017-11-04,"
95
",2017
"Gucci Mane Featuring The Weeknd","Curve",2017-10-07,"
67
",2017
"Gucci Mane X Bruno Mars X Kodak Black","Wake Up In The Sky",2018-09-29,"
11
",2018
"Gunna","One Call",2019-02-16,"
56
",2019
"Gunna","Outstanding",2019-03-09,"
70
",2019
"Gunna","Speed It Up",2019-03-09,"
91
",2019
"Gunna","Wit It",2019-03-09,"
75
",2019
"Gunna Featuring Playboi Carti","Same Yung N***a",2019-03-09,"
97
",2019
"Gunna Featuring Young Thug","3 Headed Snake",2019-03-09,"
74
",2019
"H.E.R.","Focus",2018-04-14,"
100
",2018
"H.E.R. Featuring Bryson Tiller","Could've Been",2018-08-18,"
76
",2018
"Hailee Steinfeld","Most Girls",2017-06-10,"
58
",2017
"Hailee Steinfeld & Alesso Featuring Florida Georgia Line & Watt","Let Me Go",2017-09-30,"
 40
",2017
"Hailee Steinfeld & Grey Featuring Zedd","Starving",2017-01-07,"
17
",2017
"Halsey","Bad At Love",2017-09-23,"
 5
",2017
"Halsey","Not Afraid Anymore",2017-02-04,"
77
",2017
"Halsey","Now Or Never",2017-04-29,"
17
",2017
"Halsey","Without Me",2018-10-20,"
1
",2018
"Halsey Featuring Big Sean & Stefflon Don","Alone",2018-04-21,"
100
",2018
"Halsey Featuring Lauren Jauregui","Strangers",2017-06-17,"
100
",2017
"Harry Styles","Sign Of The Times",2017-04-29,"
17
",2017
"Harry Styles","Sweet Creature",2017-05-20,"
93
",2017
"Hey Violet","Guys My Age",2017-02-11,"
68
",2017
"High Valley","She's With Me",2018-03-10,"
79
",2018
"Hikaru Utada & Skrillex","Face My Fears",2019-02-02,"
98
",2019
"Hugh Jackman, Keala Settle, Zac Efron, Zendaya & The Greatest Showman Ensemble","The Greatest Show",2018-01-13,"
88
",2018
"Huncho Jack","Black & Chinese",2018-01-06,"
71
",2018
"Huncho Jack","Huncho Jack",2018-01-06,"
87
",2018
"Huncho Jack","Modern Slavery",2018-01-06,"
68
",2018
"Huncho Jack","Motorcycle Patches",2018-01-06,"
90
",2018
"Huncho Jack","Saint",2018-01-06,"
92
",2018
"Huncho Jack Featuring Offset","Dubai Shit",2018-01-06,"
83
",2018
"Huncho Jack Featuring Takeoff","Eye 2 Eye",2018-01-06,"
65
",2018
"Iggy Azalea","Sally Walker",2019-03-30,"
62
",2019
"Iggy Azalea Feauring Tyga","Kream",2018-07-21,"
96
",2018
"Imagine Dragons","Bad Liar",2018-11-24,"
56
",2018
"Imagine Dragons","Believer",2017-02-25,"
11
",2017
"Imagine Dragons","Natural",2018-08-04,"
13
",2018
"Imagine Dragons","Thunder",2017-05-20,"
10
",2017
"Imagine Dragons","Whatever It Takes",2017-06-03,"
12
",2017
"Imagine Dragons + Khalid","Thunder/Young Dumb & Broke (Medley)",2018-01-06,"
69
",2018
"J Balvin & Willy William Featuring Beyonce","Mi Gente",2017-07-22,"
10
",2017
"J. Cole","1985 (Intro To The Fall Off)",2018-05-05,"
20
",2018
"J. Cole","Album Of The Year (Freestyle)",2018-08-25,"
87
",2018
"J. Cole","ATM",2018-05-05,"
42
",2018
"J. Cole","Brackets",2018-05-05,"
30
",2018
"J. Cole","Change",2017-01-07,"
83
",2017
"J. Cole","Deja Vu",2017-01-07,"
100
",2017
"J. Cole","Foldin Clothes",2017-01-07,"
98
",2017
"J. Cole","For Whom The Bell Tolls",2017-01-07,"
93
",2017
"J. Cole","Immortal",2017-01-07,"
59
",2017
"J. Cole","Intro",2018-05-05,"
53
",2018
"J. Cole","Kevin's Heart",2018-05-05,"
48
",2018
"J. Cole","KOD",2018-05-05,"
10
",2018
"J. Cole","Middle Child",2019-02-02,"
10
",2019
"J. Cole","Motiv8",2018-05-05,"
15
",2018
"J. Cole","Neighbors",2017-01-07,"
54
",2017
"J. Cole","Once An Addict (Interlude)",2018-05-05,"
47
",2018
"J. Cole","Photograph",2018-05-05,"
14
",2018
"J. Cole","She's Mine Pt.1",2017-01-07,"
89
",2017
"J. Cole","Ville Mentality",2017-01-07,"
90
",2017
"J. Cole","Window Pain (Outro)",2018-05-05,"
41
",2018
"J. Cole Featuring kiLL edward","Friends",2018-05-05,"
46
",2018
"J. Cole Featuring kiLL edward","The Cut Off",2018-05-05,"
28
",2018
"Jacquees","B.E.D.",2017-08-26,"
69
",2017
"Jacquees","You",2018-12-08,"
100
",2018
"Jacquees X Dej Loaf","At The Club",2018-02-17,"
86
",2018
"Jake Owen","Down To The Honkytonk",2019-01-12,"
65
",2019
"Jake Owen","I Was Jack (You Were Diane)",2018-06-09,"
43
",2018
"Jake Paul & Erika Costell Featuring Uncle Kade","Jerika",2017-08-05,"
86
",2017
"Jake Paul Featuring Team 10","It's Everyday Bro",2017-06-24,"
91
",2017
"James Arthur","Say You Won't Let Go",2017-01-07,"
11
",2017
"Janelle Monae","Make Me Feel",2018-03-10,"
99
",2018
"Janet & Daddy Yankee","Made For Now",2018-09-01,"
88
",2018
"Jason Aldean","Any Ol' Barstool",2017-02-11,"
 54
",2017
"Jason Aldean","Girl Like You",2018-12-01,"
 55
",2018
"Jason Aldean","They Don't Know",2017-08-19,"
67
",2017
"Jason Aldean","You Make It Easy",2018-02-10,"
 38
",2018
"Jason Aldean Featuring Miranda Lambert","Drowns The Whiskey",2018-06-30,"
100
",2018
"Jason Derulo Featuring Nicki Minaj & Ty Dolla $ign","Swalla",2017-04-08,"
29
",2017
"Jason Mraz","Have It All",2018-08-25,"
90
",2018
"Jay Rock, Kendrick Lamar, Future & James Blake","King's Dead",2018-01-27,"
21
",2018
"JAY-Z","4:44",2017-07-29,"
35
",2017
"JAY-Z","Kill Jay Z",2017-07-29,"
55
",2017
"JAY-Z","Marcy Me",2017-07-29,"
90
",2017
"JAY-Z","Moonlight",2017-07-29,"
86
",2017
"JAY-Z","The Story Of O.J.",2017-07-29,"
23
",2017
"JAY-Z Featuring Beyonce","Family Feud",2017-07-29,"
51
",2017
"JAY-Z Featuring Damian \Jr. Gong\ Marely","Bam",2017-07-29,"
47
",2017
"JAY-Z Featuring Frank Ocean","Caught Their Eyes",2017-07-29,"
63
",2017
"JAY-Z Featuring Gloria Carter","Smile",2017-07-29,"
56
",2017
"Jennifer Lopez Featuring DJ Khaled & Cardi B","Dinero",2018-06-09,"
80
",2018
"Jhene Aiko Featuring Swae Lee Or Rae Sremmurd","Sativa",2018-03-17,"
100
",2018
"Jimmie Allen","Best Shot",2018-09-29,"
37
",2018
"John & Yoko/The Plastic Ono Band With The Harlem Community Choir","Happy Xmas (War Is Over)",2018-12-29,"
42
",2018
"John Legend","Love Me Now",2017-01-07,"
30
",2017
"John Mayer","I Guess I Just Feel Like",2019-03-09,"
94
",2019
"John Mayer","Love On The Weekend",2017-02-11,"
91
",2017
"Joji","Slow Dancing In The Dark",2019-03-30,"
96
",2019
"Jon Bellion","All Time Low",2017-01-07,"
 33
",2017
"Jon Pardi","Dirt On My Boots",2017-01-07,"
37
",2017
"Jon Pardi","Heartache On The Dance Floor",2017-07-22,"
47
",2017
"Jon Pardi","Night Shift",2019-02-09,"
81
",2019
"Jonas Brothers","Sucker",2019-03-16,"
1
",2019
"Jordan Davis","Singles You Up",2018-02-17,"
50
",2018
"Jordan Davis","Take It From Me",2019-01-12,"
46
",2019
"Jose Feliciano","Feliz Navidad",2017-01-07,"
29
",2017
"Josh Turner","Hometown Girl",2017-03-18,"
56
",2017
"Joyner Lucas & Chris Brown","Stranger Things",2018-03-17,"
91
",2018
"Juice WRLD","All Girls Are The Same",2018-05-26,"
41
",2018
"Juice WRLD","Armed And Dangerous",2018-11-24,"
44
",2018
"Juice WRLD","Empty",2019-03-23,"
41
",2019
"Juice WRLD","Fast",2019-03-23,"
47
",2019
"Juice WRLD","Flaws And Sins",2019-03-23,"
91
",2019
"Juice WRLD","Hear Me Calling",2019-03-16,"
38
",2019
"Juice WRLD","Lean Wit Me",2018-08-18,"
68
",2018
"Juice WRLD","Legends",2018-07-07,"
65
",2018
"Juice WRLD","Lucid Dreams",2018-05-26,"
 7
",2018
"Juice WRLD","Make It Back",2018-11-03,"
92
",2018
"Juice WRLD","Maze",2019-03-23,"
65
",2019
"Juice WRLD","Robbery",2019-03-02,"
27
",2019
"Juice WRLD Featuring Lil Uzi Vert","Wasted",2018-07-28,"
100
",2018
"Julia Michaels","Issues",2017-02-11,"
11
",2017
"Justin Bieber + BloodPop","Friends",2017-09-09,"
20
",2017
"Justin Moore","Somebody Else Will",2017-06-24,"
59
",2017
"Justin Timberlake","Can't Stop The Feeling!",2017-01-07,"
13
",2017
"Justin Timberlake","Filthy",2018-01-20,"
29
",2018
"Justin Timberlake","Man Of The Woods",2018-02-17,"
73
",2018
"Justin Timberlake","Supplies",2018-02-03,"
100
",2018
"Justin Timberlake Featuring Chris Stapleton","Say Something",2018-02-10,"
100
",2018
"Kacey Musgraves","Rainbow",2019-02-23,"
98
",2019
"Kaleo","Way Down We Go",2017-01-14,"
54
",2017
"Kane Brown","Found You",2017-09-30,"
80
",2017
"Kane Brown","Good As You",2019-03-09,"
59
",2019
"Kane Brown","Heaven",2017-10-28,"
15
",2017
"Kane Brown","Lose It",2018-06-23,"
28
",2018
"Kane Brown Featuring Lauren Alaina","What Ifs",2017-07-01,"
26
",2017
"Kanye West","All Mine",2018-06-16,"
11
",2018
"Kanye West","I Thought About Killing You",2018-06-16,"
28
",2018
"Kanye West","No Mistakes",2018-06-16,"
36
",2018
"Kanye West","Violent Crimes",2018-06-16,"
27
",2018
"Kanye West","Yikes",2018-06-16,"
40
",2018
"Kanye West & Lil Pump","I Love It",2018-09-22,"
17
",2018
"Kanye West Featuring PARTYNEXTDOOR","Ghost Town",2018-06-16,"
16
",2018
"Kanye West Featuring PARTYNEXTDOOR","Wouldn't Leave",2018-06-16,"
24
",2018
"Kanye West Featuring T.I.","Ye vs The People",2018-05-12,"
85
",2018
"Katy Perry","Cozy Little Christmas",2018-12-29,"
53
",2018
"Katy Perry Featuring Migos","Bon Appetit",2017-05-20,"
 59
",2017
"Katy Perry Featuring Nicki Minaj","Swish Swish",2017-06-10,"
46
",2017
"Katy Perry Featuring Skip Marley","Chained To The Rhythm",2017-03-04,"
12
",2017
"Keala Settle & The Greatest Showman Ensemble","This Is Me",2018-01-13,"
58
",2018
"Kehlani Featuring Ty Dolla $ign","Nights Like This",2019-01-26,"
67
",2019
"Keith Urban","Blue Ain't Your Color",2017-01-07,"
28
",2017
"Keith Urban","Female",2017-12-02,"
100
",2017
"Keith Urban Featuring Carrie Underwood","The Fighter",2017-03-04,"
 56
",2017
"Keith Urban Featuring Julia Michaels","Coming Home",2018-07-07,"
50
",2018
"Kelly Clarkson","Love So Soft",2017-09-30,"
47
",2017
"Kelly Clarkson","Underneath The Tree",2019-01-05,"
44
",2019
"Kelsea Ballerini","Legends",2017-12-16,"
100
",2017
"Kelsea Ballerini","Miss Me More",2019-02-16,"
60
",2019
"Kelsea Ballerini","Yeah Boy",2017-03-04,"
100
",2017
"Kendrick Lamar","Black Panther",2018-02-24,"
91
",2018
"Kendrick Lamar","Blood.",2017-05-06,"
54
",2017
"Kendrick Lamar","DNA.",2017-05-06,"
12
",2017
"Kendrick Lamar","Duckworth.",2017-05-06,"
63
",2017
"Kendrick Lamar","Element.",2017-05-06,"
100
",2017
"Kendrick Lamar","Fear.",2017-05-06,"
50
",2017
"Kendrick Lamar","Feel.",2017-05-06,"
35
",2017
"Kendrick Lamar","God.",2017-05-06,"
58
",2017
"Kendrick Lamar","Humble.",2017-04-22,"
1
",2017
"Kendrick Lamar","Lust.",2017-05-06,"
42
",2017
"Kendrick Lamar","Pride.",2017-05-06,"
37
",2017
"Kendrick Lamar","The Heart Part 4",2017-04-15,"
22
",2017
"Kendrick Lamar","Yah.",2017-05-06,"
32
",2017
"Kendrick Lamar & SZA","All The Stars",2018-01-20,"
10
",2018
"Kendrick Lamar & Travis Scott","Big Shot",2018-02-24,"
71
",2018
"Kendrick Lamar Featuring Rihanna","Loyalty.",2017-05-06,"
14
",2017
"Kendrick Lamar Featuring U2","XXX.",2017-05-06,"
33
",2017
"Kendrick Lamar Featuring Zacari","Love.",2017-05-06,"
11
",2017
"Kenny Chesney","All The Pretty Girls",2017-08-19,"
63
",2017
"Kenny Chesney","Bar At The End Of The World",2017-04-29,"
92
",2017
"Kenny Chesney","Get Along",2018-04-21,"
 64
",2018
"Kesha","Learn To Let Go",2017-08-19,"
97
",2017
"Kesha","Praying",2017-07-29,"
22
",2017
"Kesha Featuring The Dap-Kings Horns","Woman",2017-08-05,"
96
",2017
"Kevin Gates","Change Lanes",2018-06-02,"
68
",2018
"Kevin Gates","Let It Sing",2018-06-02,"
82
",2018
"Khalid","Better",2018-09-29,"
16
",2018
"Khalid","Location",2017-01-28,"
16
",2017
"Khalid","My Bad",2019-03-23,"
77
",2019
"Khalid","Talk",2019-02-23,"
39
",2019
"Khalid","Vertigo",2018-11-03,"
89
",2018
"Khalid","Young Dumb & Broke",2017-08-05,"
 41
",2017
"Khalid & Kane Brown","Saturday Nights",2018-11-03,"
57
",2018
"Khalid & Normani","Love Lies",2018-03-03,"
 18
",2018
"Khalid & Swae Lee","The Ways",2018-02-24,"
63
",2018
"Khalid Featuring Empress Of","Suncity",2018-11-03,"
88
",2018
"Khalid, Ty Dolla $ign & 6LACK","OTW",2018-05-05,"
57
",2018
"KIDS SEE GHOSTS","Cudi Montage",2018-06-23,"
69
",2018
"KIDS SEE GHOSTS","Feel The Love",2018-06-23,"
47
",2018
"KIDS SEE GHOSTS","Fire",2018-06-23,"
67
",2018
"KIDS SEE GHOSTS","Freeee (Ghost Town, Pt. 2)",2018-06-23,"
62
",2018
"KIDS SEE GHOSTS","KIDS SEE GHOSTS",2018-06-23,"
73
",2018
"KIDS SEE GHOSTS","Reborn",2018-06-23,"
39
",2018
"KIDS SEE GHOSTS Featuring Louis Prima","4th Dimension",2018-06-23,"
42
",2018
"Kip Moore","Last Shot",2018-11-24,"
53
",2018
"Kip Moore","More Girls Like You",2017-09-02,"
66
",2017
"Kodak Black","Calling My Spirit",2018-12-15,"
46
",2018
"Kodak Black","Everything 1K",2017-03-04,"
84
",2017
"Kodak Black","First Day Out",2017-07-08,"
61
",2017
"Kodak Black","If I'm Lyin, I'm Flyin",2018-10-13,"
56
",2018
"Kodak Black","No Flockin",2017-01-14,"
95
",2017
"Kodak Black","Patty Cake",2017-08-26,"
76
",2017
"Kodak Black","Take One",2018-12-01,"
81
",2018
"Kodak Black","Testimony",2018-12-29,"
74
",2018
"Kodak Black","Transportin'",2017-09-09,"
46
",2017
"Kodak Black","Tunnel Vision",2017-03-11,"
 8
",2017
"Kodak Black Featuring Future","Conscience",2017-04-22,"
93
",2017
"Kodak Black Featuring Juice WRLD","MoshPit",2018-12-29,"
58
",2018
"Kodak Black Featuring Lil Pump","Gnarly",2018-12-29,"
88
",2018
"Kodak Black Featuring Lil Wayne","Codeine Dreaming",2017-12-16,"
52
",2017
"Kodak Black Featuring Travis Scott & Offset","ZEZE",2018-10-27,"
10
",2018
"Kodak Black Featuring XXXTENTACION","Roll In Peace",2017-09-09,"
31
",2017
"Kris Wu","Like That",2018-06-02,"
73
",2018
"Kygo & Ellie Goulding","First Time",2017-05-20,"
67
",2017
"Kygo & Imagine Dragons","Born To Be Yours",2018-06-30,"
74
",2018
"Kygo Featuring Miguel","Remind Me To Forget",2018-07-28,"
63
",2018
"Kygo x Selena Gomez","It Ain't Me",2017-03-04,"
10
",2017
"KYLE Featuring Lil Yachty","iSpy",2017-01-14,"
10
",2017
"Labrinth, Sia & Diplo Present... LSD","Thunderclouds",2018-09-15,"
67
 ",2018
"Lady Antebellum","You Look Good",2017-04-22,"
59
",2017
"Lady Gaga","Always Remember Us This Way",2018-10-20,"
100
",2018
"Lady Gaga","Bad Romance",2017-02-25,"
50
",2017
"Lady Gaga","I'll Never Love Again",2018-10-20,"
36
",2018
"Lady Gaga","Is That Alright?",2018-10-20,"
63
",2018
"Lady Gaga","Million Reasons",2017-01-07,"
18
",2017
"Lady Gaga","The Cure",2017-05-06,"
39
",2017
"Lady Gaga & Bradley Cooper","Shallow",2018-10-13,"
 38
",2018
"Lana Del Rey","Love",2017-03-11,"
44
",2017
"Lana Del Rey Featuring The Weeknd","Lust For Life",2017-05-13,"
64
",2017
"LANCO","Greatest Love Story",2017-09-23,"
45
",2017
"Lauren Alaina","Road Less Traveled",2017-02-11,"
67
",2017
"Lauren Daigle","The Christmas Song",2018-12-29,"
55
",2018
"Lauren Daigle","You Say",2018-07-28,"
29
",2018
"Lauren Duski","Deja Vu",2017-06-10,"
43
",2017
"Lauren Duski","Ghost In This House",2017-06-03,"
98
",2017
"Lauren Duski","The Dance",2017-06-10,"
92
",2017
"Lauv","I Like Me Better",2018-02-24,"
 37
",2018
"Lauv & Troye Sivan","I'm So Tired...",2019-02-09,"
86
",2019
"Lee Brice","Boy",2017-06-10,"
94
",2017
"Lee Brice","Rumor",2019-03-23,"
83
",2019
"Liam Payne","Bedroom Floor",2017-11-11,"
98
",2017
"Liam Payne & Rita Ora","For You (Fifty Shades Freed)",2018-01-20,"
76
",2018
"Liam Payne Featuring Quavo","Strip That Down",2017-06-10,"
10
",2017
"Lil Baby","Close Friends",2018-10-20,"
28
",2018
"Lil Baby","Crush A Lot",2018-12-15,"
82
",2018
"Lil Baby","Deep End",2018-10-20,"
97
",2018
"Lil Baby","Global",2018-12-15,"
91
",2018
"Lil Baby","My Dawg",2017-12-30,"
71
",2017
"Lil Baby","Pure Cocaine",2018-12-15,"
 89
",2018
"Lil Baby","Southside",2018-06-02,"
79
",2018
"Lil Baby","Word On The Street",2018-12-15,"
98
",2018
"Lil Baby & Drake","Yes Indeed",2018-05-26,"
11
",2018
"Lil Baby & Gunna","Belly",2018-10-20,"
80
",2018
"Lil Baby & Gunna","Business Is Business",2018-10-20,"
61
",2018
"Lil Baby & Gunna","Drip Too Hard",2018-09-29,"
 4
",2018
"Lil Baby & Gunna","I Am",2018-10-20,"
98
",2018
"Lil Baby & Gunna Featuring Drake","Never Recover",2018-10-20,"
15
",2018
"Lil Baby & Gunna Featuring Lil Durk & NAV","Off White VLONE",2018-10-20,"
54
",2018
"Lil Baby Featuring Gunna","Ready",2018-12-15,"
66
",2018
"Lil Baby Featuring Gunna & Lil Uzi Vert","Life Goes On",2018-06-02,"
74
",2018
"Lil Baby Featuring Meek Mill","Time",2018-12-15,"
62
",2018
"Lil Dicky Featuring Chris Brown","Freaky Friday",2018-03-31,"
11
",2018
"Lil Mosey","Kamikaze",2018-11-10,"
97
",2018
"Lil Mosey","Noticed",2018-09-29,"
100
",2018
"Lil Nas X","Old Town Road",2019-03-16,"
1
",2019
"Lil Peep","Awful Things",2017-12-09,"
79
",2017
"Lil Peep & iLoveMakonnen Featuring Fall Out Boy","I've Been Waiting",2019-03-23,"
75
",2019
"Lil Peep & XXXTENTACION","Falling Down",2018-09-29,"
13
",2018
"Lil Pump","Butterfly Doors",2019-01-19,"
81
",2019
"Lil Pump","Drug Addicts",2018-07-21,"
83
",2018
"Lil Pump","Esskeetit",2018-04-28,"
24
",2018
"Lil Pump","Gucci Gang",2017-09-30,"
11
",2017
"Lil Pump Featuring Lil Wayne","Be Like Me",2019-03-09,"
72
",2019
"Lil Skies","I",2019-03-16,"
39
",2019
"Lil Skies","Lust",2018-05-26,"
87
",2018
"Lil Skies Featuring Landon Cube","Nowadays",2018-01-20,"
55
",2018
"Lil Skies Featuring Landon Cube","Red Roses",2018-01-20,"
100
",2018
"Lil Skies Featuring Yung Pinch","I Know You",2018-06-23,"
79
",2018
"Lil Uzi Vert","444+222",2017-09-16,"
100
",2017
"Lil Uzi Vert","Dark Queen",2017-09-16,"
91
",2017
"Lil Uzi Vert","For Real",2017-09-16,"
82
",2017
"Lil Uzi Vert","New Patek",2018-09-29,"
24
",2018
"Lil Uzi Vert","No Sleep Leak",2017-09-16,"
90
",2017
"Lil Uzi Vert","Sauce It Up",2017-09-16,"
100
",2017
"Lil Uzi Vert","Two",2017-09-16,"
80
",2017
"Lil Uzi Vert","X",2017-09-16,"
81
",2017
"Lil Uzi Vert","XO TOUR Llif3",2017-04-15,"
10
",2017
"Lil Uzi Vert","You Was Right",2017-01-07,"
40
",2017
"Lil Uzi Vert Featuring Nicki Minaj","The Way Life Goes",2017-09-16,"
24
",2017
"Lil Uzi Vert Featuring Pharrell Williams","Neon Guts",2017-09-16,"
79
",2017
"Lil Uzi Vert Featuring The Weeknd","UnFazed",2017-09-16,"
84
",2017
"Lil Wayne","Can't Be Broken",2018-10-13,"
17
",2018
"Lil Wayne","Dedicate",2018-10-13,"
14
",2018
"Lil Wayne","Demon",2018-10-13,"
81
",2018
"Lil Wayne","Hittas",2018-10-13,"
59
",2018
"Lil Wayne","Let It All Work Out",2018-10-13,"
75
",2018
"Lil Wayne","Mess",2018-10-13,"
74
",2018
"Lil Wayne","Open Letter",2018-10-13,"
47
",2018
"Lil Wayne","Open Safe",2018-10-13,"
62
",2018
"Lil Wayne","Perfect Strangers",2018-10-13,"
86
",2018
"Lil Wayne","Problems",2018-10-13,"
57
",2018
"Lil Wayne","Took His Time",2018-10-13,"
65
",2018
"Lil Wayne","Uproar",2018-10-13,"
29
",2018
"Lil Wayne","Used 2",2018-10-13,"
78
",2018
"Lil Wayne Featuring Ashanti & Mack Maine","Start This S**t Off Right",2018-10-13,"
76
",2018
"Lil Wayne Featuring Kendrick Lamar","Mona Lisa",2018-10-13,"
2
",2018
"Lil Wayne Featuring Nicki Minaj","Dark Side Of The Moon",2018-10-13,"
26
",2018
"Lil Wayne Featuring Nivea","Dope New Gospel",2018-10-13,"
90
",2018
"Lil Wayne Featuring Reginae Carter","Famous",2018-10-13,"
36
",2018
"Lil Wayne Featuring Snoop Dogg","Dope N****z",2018-10-13,"
 39
",2018
"Lil Wayne Featuring Sosamann","What About Me",2018-10-13,"
24
",2018
"Lil Wayne Featuring Travis Scott","Let It Fly",2018-10-13,"
10
",2018
"Lil Wayne Featuring XXXTENTACION","Don't Cry",2018-10-13,"
5
",2018
"Lil Xan","Betrayed",2017-12-02,"
64
",2017
"Lil Yachty","1 Night",2017-01-07,"
67
",2017
"Lil Yachty Featuring Juice WRLD","Yacht Club",2018-11-03,"
91
",2018
"Lil Yachty Featuring Migos","Peek A Boo",2017-05-06,"
78
",2017
"Lil Yachty Featuring NBA YoungBoy","NBAYoungboat",2018-03-24,"
63
",2018
"Lil Yachty Featuring Playboi Carti","Get Dripped",2018-11-03,"
98
",2018
"Lil Yachty Featuring Trippie Redd","66",2018-03-24,"
73
",2018
"Lil Yachty Featuring Ugly God","Boom!",2018-03-24,"
88
",2018
"Lil' Duval Featuring Snoop Dogg & Ball Greezy","Smile (Living My Best Life)",2018-09-08,"
56
",2018
"Lin-Manuel Miranda & Ben Platt","Found / Tonight",2018-03-31,"
49
",2018
"Lin-Manuel Miranda Featuring Artists For Puerto Rico","Almost Like Praying",2017-10-28,"
20
",2017
"Linkin Park","In The End",2017-08-12,"
37
",2017
"Linkin Park","Numb",2017-08-12,"
34
",2017
"Linkin Park Featuring Kiiara","Heavy",2017-03-11,"
45
",2017
"Little Big Town","Better Man",2017-01-07,"
34
",2017
"Logic","44 More",2018-03-10,"
 65
",2018
"Logic","BoomTrap Protocol",2018-03-24,"
97
",2018
"Logic","Confessions Of A Dangerous Mind",2019-04-06,"
78
",2019
"Logic","Contra",2018-03-24,"
60
",2018
"Logic","Everybody",2017-04-22,"
59
",2017
"Logic","Keanu Reeves",2019-02-02,"
38
",2019
"Logic","Midnight",2018-03-24,"
74
",2018
"Logic","Overnight",2018-03-24,"
68
",2018
"Logic","Yuck",2018-03-24,"
87
",2018
"Logic & Marshmello","Everyday",2018-03-17,"
29
",2018
"Logic Featuring Alessia Cara & Khalid","1-800-273-8255",2017-05-20,"
13
",2017
"Logic Featuring Big Sean","Wassup",2018-03-24,"
83
",2018
"Logic Featuring Damian Lemar Hudson","Black SpiderMan",2017-05-06,"
87
",2017
"Logic Featuring Ryan Tedder","One Day",2018-08-11,"
80
",2018
"Logic Featuring Wiz Khalifa","Indica Badu",2018-03-24,"
56
",2018
"Logic Featuring Young Sinatra","Warm It Up",2018-03-24,"
98
",2018
"Lord Huron","The Night We Met",2017-05-06,"
84
",2017
"Lorde","Green Light",2017-03-18,"
100
",2017
"Lorde","Liability",2017-04-01,"
78
",2017
"Lorde Featuring Khalid, Post Malone & SZA","Homemade Dynamite",2017-10-07,"
92
",2017
"Loren Allred","Never Enough",2018-01-13,"
88
",2018
"Loud Luxury Featuring Brando","Body",2019-01-12,"
80
",2019
"Louis Tomlinson Featuring Bebe Rexha & Digital Farm Animals","Back To You",2017-08-12,"
40
",2017
"lovelytheband","Broken",2018-07-28,"
29
",2018
"Luis Fonsi & Daddy Yankee Featuring Justin Bieber","Despacito",2017-02-04,"
1
",2017
"Luis Fonsi & Demi Lovato","Echame La Culpa",2017-12-09,"
47
",2017
"Lukas Graham","Love Someone",2019-01-12,"
70
",2019
"Luke Bryan","Fast",2017-02-11,"
58
",2017
"Luke Bryan","Light It Up",2017-09-16,"
57
",2017
"Luke Bryan","Most People Are Good",2018-02-10,"
43
",2018
"Luke Bryan","Sunrise, Sunburn, Sunset",2018-07-14,"
35
",2018
"Luke Bryan","What Makes You Country",2019-01-12,"
54
",2019
"Luke Combs","Beautiful Crazy",2018-05-19,"
23
",2018
"Luke Combs","Hurricane",2017-03-04,"
31
",2017
"Luke Combs","Must've Never Met You",2018-06-16,"
81
",2018
"Luke Combs","One Number Away",2018-03-31,"
34
",2018
"Luke Combs","She Got The Best Of Me",2018-08-25,"
 66
",2018
"Luke Combs","When It Rains It Pours",2017-08-19,"
33
",2017
"Mabel","Don't Call Me Up",2019-04-06,"
92
",2019
"Mac Miller","Come Back To Earth",2018-09-22,"
91
",2018
"Mac Miller","Hurt Feelings",2018-09-22,"
70
",2018
"Mac Miller","Self Care",2018-09-22,"
33
",2018
"Machine Gun Kelly","Rap Devil",2018-09-22,"
13
",2018
"Machine Gun Kelly Featuring Hailee Steinfeld","At My Best",2017-04-08,"
60
",2017
"Machine Gun Kelly x Camila Cabello","Bad Things",2017-01-07,"
10
",2017
"Machine Gun Kelly, X Ambassadors & Bebe Rexha","Home",2017-12-09,"
90
",2017
"Macklemore Featuring Kesha","Good Old Days",2017-10-14,"
48
",2017
"Macklemore Featuring Skylar Grey","Glorious",2017-07-29,"
49
",2017
"Major Lazer Featuring Justin Bieber & MO","Cold Water",2017-01-07,"
34
",2017
"Major Lazer Featuring PARTYNEXTDOOR & Nicki Minaj","Run Up",2017-02-18,"
66
",2017
"Major Lazer Featuring Travis Scott, Camila Cabello & Quavo","Know No Better",2017-06-24,"
87
",2017
"Maluma","Felices Los 4",2017-06-03,"
48
",2017
"Maluma X Nego do Borel","Corazon",2018-01-13,"
100
",2018
"Maren Morris","80s Mercedes",2017-01-14,"
74
 ",2017
"Maren Morris","GIRL",2019-02-02,"
61
",2019
"Maren Morris","I Could Use A Love Song",2017-09-02,"
100
",2017
"Maren Morris","Rich",2018-10-06,"
 77
",2018
"Maren Morris Featuring Vince Gill","Dear Hate",2017-10-28,"
91
",2017
"Mariah Carey","All I Want For Christmas Is You",2017-01-07,"
11
",2017
"Mariah Carey Featuring YG","I Don't",2017-02-25,"
89
",2017
"Marian Hill","Down",2017-02-04,"
100
",2017
"Mark Ronson Featuring Miley Cyrus","Nothing Breaks Like A Heart",2018-12-15,"
43
",2018
"Maroon 5","Wait",2017-11-25,"
24
",2017
"Maroon 5 Featuring Cardi B","Girls Like You",2018-06-09,"
 1
",2018
"Maroon 5 Featuring Future","Cold",2017-03-04,"
16
",2017
"Maroon 5 Featuring Kendrick Lamar","Don't Wanna Know",2017-01-07,"
11
",2017
"Maroon 5 Featuring SZA","What Lovers Do",2017-09-16,"
10
",2017
"Marshmello","Alone",2017-01-07,"
28
",2017
"Marshmello & Anne-Marie","Friends",2018-02-24,"
11
",2018
"Marshmello & Bastille","Happier",2018-09-01,"
13
",2018
"Marshmello Featuring CHVRCHES","Here With Me",2019-03-23,"
53
",2019
"Marshmello Featuring Khalid","Silence",2017-09-02,"
30
",2017
"Martin Garrix & Bebe Rexha","In The Name Of Love",2017-01-07,"
26
",2017
"Martin Garrix & Dua Lipa","Scared To Be Lonely",2017-02-18,"
100
",2017
"Martin Garrix Featuring Khalid","Ocean",2018-06-30,"
78
",2018
"Martin Garrix x Troye Sivan","There For You",2017-06-17,"
94
",2017
"Mason Ramsey","Famous",2018-05-12,"
62
",2018
"MAX Featuring gnash","Lights Down Low",2017-10-28,"
20
",2017
"Meek Mill","1942 Flows",2017-08-12,"
83
",2017
"Meek Mill","Almost Slipped",2018-12-15,"
73
",2018
"Meek Mill","Championships",2018-12-15,"
70
",2018
"Meek Mill","Heavy Heart",2017-08-12,"
99
",2017
"Meek Mill","Intro",2018-12-15,"
55
",2018
"Meek Mill","Issues",2017-08-12,"
77
",2017
"Meek Mill","Oodles O' Noodles Babies",2018-12-15,"
85
",2018
"Meek Mill","Respect The Game",2018-12-15,"
57
",2018
"Meek Mill","Trauma",2018-12-15,"
61
",2018
"Meek Mill","Wins & Losses",2017-08-12,"
79
",2017
"Meek Mill Featuring 21 Savage","Pay You Back",2018-12-15,"
78
",2018
"Meek Mill Featuring Cardi B","On Me",2018-12-15,"
30
",2018
"Meek Mill Featuring Chris Brown & Ty Dolla $ign","Whatever You Need",2017-06-24,"
100
",2017
"Meek Mill Featuring Drake","Going Bad",2018-12-15,"
10
",2018
"Meek Mill Featuring Ella Mai","24/7",2018-12-15,"
54
",2018
"Meek Mill Featuring Fabolous & Anuel AA","Uptown Vibes",2018-12-15,"
39
",2018
"Meek Mill Featuring Future, Roddy Ricch & Young Thug","Splash Warning",2018-12-15,"
77
",2018
"Meek Mill Featuring Jeremih & PnB Rock","Dangerous",2018-07-21,"
31
",2018
"Meek Mill Featuring Kodak Black","Tic Tac Toe",2018-12-15,"
72
",2018
"Meek Mill Featuring Lil Uzi Vert","F**k That Check Up",2017-08-12,"
97
",2017
"Meek Mill Featuring Rick Ross & JAY-Z","What's Free",2018-12-15,"
20
",2018
"Meek Mill Featuring Swizz Beatz","Millidelphia",2018-07-21,"
73
",2018
"Meek Mill Featuring Young Thug","We Ball",2017-08-12,"
96
",2017
"Meghan Trainor","No Excuses",2018-03-17,"
46
",2018
"Metro Boomin Featuring 21 Savage","10 Freaky Girls",2018-11-17,"
42
",2018
"Metro Boomin Featuring 21 Savage","Don't Come Out The House",2018-11-17,"
38
",2018
"Metro Boomin Featuring Gunna","Space Cadet",2018-11-17,"
51
",2018
"Metro Boomin Featuring Offset & Drake","No Complaints",2017-07-15,"
100
",2017
"Metro Boomin Featuring Swae Lee & Travis Scott","Dreamcatcher",2018-11-17,"
72
",2018
"Metro Boomin Featuring Travis Scott","Overdue",2018-11-17,"
62
",2018
"Metro Boomin Featuring Travis Scott & Young Thug","Up To Something",2018-11-17,"
100
",2018
"Metro Boomin Featuring Travis Scott, Kodak Black & 21 Savage","No More",2018-11-17,"
79
",2018
"Michael Jackson","Thriller",2018-11-10,"
31
",2018
"Michael Ray","One That Got Away",2019-03-02,"
100
",2019
"Michael Ray","Think A Little Less",2017-01-14,"
54
",2017
"Midland","Burn Out",2019-01-12,"
63
",2019
"Midland","Drinkin' Problem",2017-05-27,"
45
",2017
"Migos","Auto Pilot",2018-02-10,"
85
",2018
"Migos","Call Casting",2017-02-18,"
62
",2017
"Migos","Emoji A Chain",2018-02-10,"
87
",2018
"Migos","Gang Gang",2018-02-10,"
 73
",2018
"Migos","Get Right Witcha",2017-02-18,"
72
",2017
"Migos","Higher We Go (Intro)",2018-02-10,"
83
",2018
"Migos","Narcos",2018-02-10,"
100
",2018
"Migos","Stir Fry",2018-01-06,"
10
",2018
"Migos","Supastars",2018-02-10,"
53
",2018
"Migos","T-Shirt",2017-02-04,"
19
",2017
"Migos & Marshmello","Danger",2017-12-30,"
82
",2017
"Migos Featuring 21 Savage","BBO (Bad Bitches Only)",2018-02-10,"
48
",2018
"Migos Featuring DJ Khaled","Culture",2017-02-18,"
93
",2017
"Migos Featuring Drake","Walk It Talk It",2018-02-10,"
10
",2018
"Migos Featuring Gucci Mane","CC",2018-02-10,"
96
",2018
"Migos Featuring Gucci Mane","Slippery",2017-02-18,"
29
",2017
"Migos Featuring Lil Uzi Vert","Bad And Boujee",2017-01-07,"
 1
",2017
"Migos Featuring Post Malone","Notice Me",2018-02-10,"
52
",2018
"Migos Featuring Travis Scott","Kelly Price",2017-02-18,"
100
",2017
"Migos Featuring Travis Scott, Ty Dolla $ign & Big Sean","White Sand",2018-02-10,"
64
",2018
"Migos, Nicki Minaj & Cardi B","MotorSport",2017-11-18,"
10
",2017
"Miguel Featuring Travis Scott","Sky Walker",2017-09-23,"
29
",2017
"Miley Cyrus","Malibu",2017-05-27,"
10
",2017
"Miley Cyrus","Younger Now",2017-09-09,"
79
",2017
"Miranda Lambert","Tin Man",2017-04-22,"
75
",2017
"Missy Elliott Featuring Lamb","I'm Better",2017-02-18,"
71
",2017
"Mitchell Tenpenny","Drunk Me",2018-08-11,"
100
",2018
"Morgan Evans","Kiss Somebody",2018-07-14,"
53
",2018
"Morgan Wallen","Whiskey Glasses",2019-03-16,"
66
",2019
"Morgan Wallen Featuring Florida Georgia Line","Up Down",2018-04-07,"
49
",2018
"Mustard & Migos","Pure Water",2019-02-02,"
31
",2019
"N*E*R*D & Rihanna","Lemon",2017-11-25,"
36
",2017
"Nas Featuring Kanye West","Cop Shot The Kid",2018-06-30,"
96
",2018
"Nat King Cole","The Christmas Song (Merry Christmas To You)",2017-01-07,"
11
",2017
"Natti Natasha x Ozuna","Criminal",2017-12-23,"
95
",2017
"NAV Featuring Lil Uzi Vert","Wanted You",2017-12-02,"
64
",2017
"NAV Featuring Meek Mill","Tap",2019-04-06,"
89
",2019
"NAV Featuring The Weeknd","Price On My Head",2019-04-06,"
72
",2019
"NAV Featuring Travis Scott","Champion",2018-06-02,"
86
",2018
"NF","Let You Down",2017-11-04,"
12
",2017
"NF","Lie",2018-08-04,"
48
",2018
"NF","No Name",2018-02-03,"
82
",2018
"Niall Horan","Slow Hands",2017-05-20,"
11
",2017
"Niall Horan","This Town",2017-01-07,"
20
",2017
"Niall Horan","Too Much To Ask",2017-10-07,"
66
",2017
"Nick Jonas & Nicki Minaj","Bom Bidi Bom",2017-03-04,"
54
",2017
"Nicki Minaj","Barbie Dreams",2018-08-25,"
18
",2018
"Nicki Minaj","Barbie Tingz",2018-04-21,"
25
",2018
"Nicki Minaj","Chun-Li",2018-04-21,"
10
",2018
"Nicki Minaj","Ganja Burns",2018-08-25,"
60
",2018
"Nicki Minaj","Regret In Your Tears",2017-04-01,"
61
",2017
"Nicki Minaj & Lil Wayne","Changed It",2017-04-01,"
71
",2017
"Nicki Minaj Featuring Ariana Grande","Bed",2018-06-30,"
42
",2018
"Nicki Minaj Featuring Eminem & Labrinth","Majesty",2018-08-25,"
58
",2018
"Nicki Minaj Featuring Lil Wayne","Good Form",2018-12-15,"
60
",2018
"Nicki Minaj Featuring Lil Wayne","Rich Sex",2018-06-23,"
56
",2018
"Nicki Minaj Featuring The Weeknd","Thought I Knew You",2018-08-25,"
98
",2018
"Nicki Minaj X Mike WiLL Made-It","Black Barbies",2017-01-14,"
97
",2017
"Nicki Minaj, Drake & Lil Wayne","No Frauds",2017-04-01,"
14
",2017
"Nicky Jam","El Amante",2017-02-18,"
100
",2017
"Nicky Jam x J Balvin","X",2018-03-17,"
 47
",2018
"Nipsey Hussle Featuring Belly & DOM KENNEDY","Double Up",2019-04-13,"
65
",2019
"Nipsey Hussle Featuring Kendrick Lamar","Dedication",2019-04-13,"
93
",2019
"Nipsey Hussle Featuring Roddy Ricch & Hit-Boy","Racks In The Middle",2019-04-13,"
44
",2019
"Nipsey Hussle Featuring YG","Last Time That I Checc'd",2019-04-13,"
82
",2019
"Noah Cyrus Featuring Labrinth","Make Me (Cry)",2017-01-07,"
46
",2017
"Offset","Lick",2019-03-09,"
86
",2019
"Offset","Red Room",2019-03-02,"
49
",2019
"Offset & Metro Boomin","Nightmare",2017-11-25,"
100
",2017
"Offset & Metro Boomin","Ric Flair Drip",2017-11-18,"
13
",2017
"Offset Featuring Cardi B","Clout",2019-03-09,"
64
",2019
"Offset Featuring J. Cole","How Did I Get Here",2019-03-09,"
65
",2019
"Offset Featuring Travis Scott & 21 Savage","Legacy",2019-03-09,"
49
",2019
"Old Dominion","Hotel Key",2018-07-14,"
 69
",2018
"Old Dominion","Make It Sweet",2019-01-12,"
100
",2019
"Old Dominion","No Such Thing As A Broken Heart",2017-06-17,"
46
",2017
"Old Dominion","Song For Another Time",2017-01-07,"
66
",2017
"Old Dominion","Written In The Sand",2017-12-09,"
51
",2017
"Olivia O'Brien","Hate U Love U",2017-01-14,"
99
",2017
"Opetaia Foa'i & Lin-Manuel Miranda","We Know The Way",2017-01-21,"
98
",2017
"Ozuna","Unica",2018-09-08,"
72
",2018
"Ozuna & Romeo Santos","El Farsante",2018-02-10,"
100
",2018
"Ozuna x Cardi B","La Modelo",2018-01-06,"
52
",2018
"Ozuna x Manuel Turizo","Vaina Loca",2018-09-22,"
100
",2018
"P!nk","A Million Dreams",2018-11-10,"
90
",2018
"P!nk","Beautiful Trauma",2017-12-09,"
78
",2017
"P!nk","Walk Me Home",2019-03-09,"
54
",2019
"P!nk","What About Us",2017-08-26,"
13
",2017
"Panic! At The Disco","High Hopes",2018-06-09,"
 56
",2018
"Panic! At The Disco","Say Amen (Saturday Night)",2018-04-07,"
60
",2018
"Paramore","Hard Times",2017-05-13,"
90
",2017
"Pardison Fontaine Featuring Cardi B","Backin' It Up",2018-10-06,"
40
",2018
"PARTYNEXTDOOR","Not Nice",2017-02-04,"
82
",2017
"Paul McCartney","Wonderful Christmastime",2018-12-29,"
47
",2018
"Pedro Capo X Farruko","Calma",2019-03-23,"
86
",2019
"Pentatonix","Hallelujah",2017-01-07,"
23
",2017
"Pentatonix","Mary, Did You Know?",2017-01-07,"
45
",2017
"Perry Como","(There's No Place Like) Home For The Holidays",2018-12-29,"
32
",2018
"Perry Como And The Fontane Sisters With Mitchell Ayres And His Orchestra","It's Beginning To Look A Lot Like Christmas",2018-12-29,"
35
",2018
"Pharrell Williams x Camila Cabello","Sangria Wine",2018-06-02,"
83
",2018
"Pinkfong","Baby Shark",2019-01-12,"
32
",2019
"Pitbull x El Chombo x Karol G Featuring Cutty Ranks","Dame Tu Cosita",2018-05-05,"
36
",2018
"Playboi Carti","Magnolia",2017-05-20,"
29
",2017
"Playboi Carti Featuring Lil Uzi Vert","Shoota",2018-05-26,"
46
",2018
"Playboi Carti Featuring Lil Uzi Vert","Wokeuplikethis*",2017-05-20,"
100
",2017
"Plies","Rock",2018-02-03,"
100
",2018
"Plies Featuring Kodak Black","Real Hitta",2017-07-08,"
100
",2017
"PnB Rock","Selfish",2017-01-07,"
51
",2017
"Polo G Featuring Lil Tjay","Pop Out",2019-04-06,"
100
",2019
"Portugal. The Man","Feel It Still",2017-07-08,"
10
",2017
"Post Malone","92 Explorer",2018-05-12,"
40
",2018
"Post Malone","Better Now",2018-05-12,"
10
",2018
"Post Malone","Blame It On Me",2018-05-12,"
47
",2018
"Post Malone","Candy Paint",2017-11-11,"
34
",2017
"Post Malone","Go Flex",2017-10-14,"
100
",2017
"Post Malone","I Fall Apart",2017-10-14,"
16
",2017
"Post Malone","Jonestown (Interlude)",2018-05-12,"
73
",2018
"Post Malone","Otherside",2018-05-12,"
46
",2018
"Post Malone","Over Now",2018-05-12,"
24
",2018
"Post Malone","Paranoid",2018-05-12,"
11
",2018
"Post Malone","Rich & Sad",2018-05-12,"
14
",2018
"Post Malone","Stay",2018-05-12,"
17
",2018
"Post Malone","Sugar Wraith",2018-05-12,"
57
",2018
"Post Malone","Takin' Shots",2018-05-12,"
29
",2018
"Post Malone","Wow.",2019-01-05,"
10
",2019
"Post Malone","Zack And Codeine",2018-05-12,"
23
",2018
"Post Malone & Swae Lee","Sunflower (Spider-Man: Into The Spider-Verse)",2018-11-03,"
1
",2018
"Post Malone Featuring 21 Savage","Rockstar",2017-10-07,"
 5
",2017
"Post Malone Featuring G-Eazy & YG","Same Bitches",2018-05-12,"
20
",2018
"Post Malone Featuring Nicki Minaj","Ball For Me",2018-05-12,"
16
",2018
"Post Malone Featuring Quavo","Congratulations",2017-01-21,"
10
",2017
"Post Malone Featuring Swae Lee","Spoil My Night",2018-05-12,"
15
",2018
"Post Malone Featuring Ty Dolla $ign","Psycho",2018-03-10,"
1
",2018
"Pusha T","If You Know You Know",2018-06-09,"
73
",2018
"Pusha T","Infrared",2018-06-09,"
65
",2018
"Pusha T","The Games We Play",2018-06-09,"
100
",2018
"Pusha T Featuring Kanye West","What Would Meek Do?",2018-06-09,"
75
",2018
"Quavo","Biggest Alley Oop",2018-10-27,"
86
",2018
"Quavo","Huncho Dreams",2018-10-27,"
93
",2018
"Quavo","W O R K I N M E",2018-08-25,"
52
",2018
"Quavo & Lil Yachty","Ice Tray",2018-01-03,"
74
",2018
"Quavo Featuring 21 Savage","Pass Out",2018-10-27,"
61
",2018
"Quavo Featuring Drake","Flip The Switch",2018-10-27,"
48
",2018
"Quavo Featuring Lil Baby","Lose It",2018-10-27,"
100
",2018
"Quavo Featuring Travis Scott","Rerun",2018-10-27,"
88
",2018
"Quavo, Takeoff & Offset","Too Hotty",2017-10-28,"
91
",2017
"Queen","Bohemian Rhapsody",2018-11-17,"
33
",2018
"Queen Naija","Karma",2018-07-14,"
63
",2018
"Queen Naija","Medicine",2018-04-14,"
100
",2018
"Rae Sremmurd","Perplexing Pegasus",2017-08-26,"
84
",2017
"Rae Sremmurd","Swang",2017-01-07,"
26
",2017
"Rae Sremmurd & Juicy J","Powerglide",2018-03-17,"
28
",2018
"Rae Sremmurd & Travis Scott","Close",2018-05-05,"
98
",2018
"Rae Sremmurd Featuring Gucci Mane","Black Beatles",2017-01-07,"
1
",2017
"Rag'n'Bone Man","Human",2017-04-22,"
100
",2017
"Rascal Flatts","Yours If You Want It",2017-06-10,"
71
",2017
"Red Marlow","I Pray",2018-01-03,"
84
",2018
"Reik Featuring Ozuna & Wisin","Me Niego",2018-05-26,"
77
",2018
"RiceGum Featuring Alissa Violet","Its Every Night Sis",2017-09-09,"
80
",2017
"Rich The Kid","Plug Walk",2018-02-24,"
13
",2018
"Rich The Kid","Splashin",2019-01-26,"
80
",2019
"Rich The Kid Featuring Kendrick Lamar","New Freezer",2018-02-10,"
41
",2018
"Rick Ross Featuring Young Thug & Wale","Trap Trap Trap",2017-04-08,"
97
",2017
"Rihanna","Love On The Brain",2017-01-07,"
 8
",2017
"Rihanna","Sex With Me",2017-01-14,"
83
",2017
"Riley Green","There Was This Girl",2019-03-02,"
71
",2019
"Rob $tone Featuring J. Davi$ & Spooks","Chill Bill",2017-01-07,"
29
",2017
"Romeo Santos","Heroe Favorito",2017-03-04,"
77
",2017
"Romeo Santos","Imitadora",2017-08-12,"
91
 ",2017
"Romeo Santos Featuring Nicky Jam & Daddy Yankee","Bella y Sensual",2017-12-23,"
95
",2017
"Russ","Losin Control",2017-03-18,"
62
",2017
"Russ","What They Want",2017-01-28,"
98
",2017
"Russell Dickerson","Blue Tacoma",2018-09-01,"
52
",2018
"Russell Dickerson","Yours",2017-11-04,"
49
",2017
"Sage The Gemini","Now & Later",2017-02-25,"
93
",2017
"Sam Hunt","Body Like A Back Road",2017-02-18,"
 13
",2017
"Sam Hunt","Downtown's Dead",2018-06-02,"
94
",2018
"Sam Hunt","Drinkin' Too Much",2017-01-28,"
89
",2017
"Sam Smith","Too Good At Goodbyes",2017-09-30,"
 16
",2017
"Sam Smith & Normani","Dancing With A Stranger",2019-01-26,"
15
",2019
"Sam Smith Featuring Logic","Pray",2017-10-28,"
55
",2017
"ScHoolboy Q","Numb Numb Juice",2019-03-30,"
55
",2019
"ScHoolboy Q, 2 Chainz & Saudi","X",2018-02-24,"
49
",2018
"Scotty McCreery","Five More Minutes",2017-12-23,"
44
",2017
"Scotty McCreery","This Is It",2018-12-22,"
100
",2018
"Selena Gomez","Back To You",2018-05-26,"
18
",2018
"Selena Gomez","Bad Liar",2017-06-03,"
20
",2017
"Selena Gomez Featuring Gucci Mane","Fetish",2017-07-29,"
27
",2017
"Selena Gomez X Marshmello","Wolves",2017-11-11,"
20
",2017
"Shakira","Me Enamore",2017-06-03,"
100
",2017
"Shakira Featuring Maluma","Chantaje",2017-01-07,"
51
",2017
"Shakira Featuring Nicky Jam","Perro Fiel",2017-12-16,"
100
",2017
"Shawn Mendes","In My Blood",2018-03-31,"
11
",2018
"Shawn Mendes","Mercy",2017-01-07,"
15
",2017
"Shawn Mendes","There's Nothing Holdin' Me Back",2017-05-13,"
10
",2017
"Shawn Mendes","Treat You Better",2017-01-07,"
 26
",2017
"Shawn Mendes Featuring Khalid","Youth",2018-05-19,"
65
",2018
"Shawn Mendes X Zedd","Lost In Japan",2018-04-07,"
48
",2018
"Sheck Wes","Mo Bamba",2018-09-08,"
10
",2018
"Sia","Helium",2017-03-04,"
71
",2017
"Sia Featuring Kendrick Lamar","The Greatest",2017-01-07,"
22
",2017
"Sia Featuring Sean Paul","Cheap Thrills",2017-01-07,"
26
",2017
"Silk City x Dua Lipa","Electricity",2018-09-22,"
62
",2018
"Ski Mask The Slump God","Faucet Failure",2019-03-09,"
100
",2019
"Ski Mask The Slump God","Foot Fungus",2018-12-15,"
81
",2018
"Ski Mask The Slump God Featuring Juice WRLD","Nuketown",2018-12-15,"
63
",2018
"SOB X RBE","Paramedic!",2018-02-24,"
65
",2018
"Sofi Tukker Featuring NERVO, The Knocks & Alisa Ueno","Best Friend",2018-01-13,"
100
",2018
"Sofia Carson, Cameron Boyce, Booboo Stewart & Mitchell Hope","Chillin' Like A Villain",2017-08-26,"
95
",2017
"Starley","Call On Me",2017-01-28,"
65
",2017
"Steve Aoki & Louis Tomlinson","Just Hold On",2017-01-07,"
72
",2017
"Steve Aoki Featuring BTS","Waste It On Me",2018-11-10,"
89
",2018
"Sugarland Featuring Taylor Swift","Babe",2018-05-05,"
72
",2018
"Summer Walker X Drake","Girls Need Love",2019-03-09,"
37
",2019
"Swae Lee Featuring Slim Jxmmi","Guatemala",2018-04-28,"
84
",2018
"SZA","Broken Clocks",2018-03-17,"
100
",2018
"SZA","The Weekend",2017-08-19,"
29
",2017
"SZA Featuring Travis Scott","Love Galore",2017-07-01,"
32
",2017
"TakeOff","Casper",2018-11-17,"
99
",2018
"TakeOff","Last Memory",2018-11-10,"
54
",2018
"Tank","When We",2017-12-09,"
100
",2017
"Tay-K","The Race",2017-08-26,"
44
",2017
"Taylor Swift","...Ready For It?",2017-09-23,"
18
",2017
"Taylor Swift","Call It What You Want",2017-11-25,"
27
",2017
"Taylor Swift","Delicate",2018-03-24,"
12
",2018
"Taylor Swift","Gorgeous",2017-11-11,"
13
",2017
"Taylor Swift","Look What You Made Me Do",2017-09-09,"
1
",2017
"Taylor Swift Featuring Ed Sheeran & Future","End Game",2017-12-09,"
18
",2017
"Tee Grizzley","First Day Out",2017-04-22,"
48
",2017
"The Carters","Apes**t",2018-06-30,"
13
",2018
"The Carters","Boss",2018-06-30,"
77
",2018
"The Carters","Friends",2018-06-30,"
99
",2018
"The Carters","Nice",2018-06-30,"
95
",2018
"The Carters","Summer",2018-06-30,"
84
",2018
"The Chainsmokers","Everybody Hates Me",2018-03-31,"
100
",2018
"The Chainsmokers","Honest",2017-08-19,"
77
",2017
"The Chainsmokers","Paris",2017-02-04,"
10
",2017
"The Chainsmokers","Sick Boy",2018-02-03,"
65
",2018
"The Chainsmokers","The One",2017-04-22,"
78
",2017
"The Chainsmokers & Coldplay","Something Just Like This",2017-03-11,"
10
",2017
"The Chainsmokers Featuring 5 Seconds Of Summer","Who Do You Love",2019-02-23,"
52
",2019
"The Chainsmokers Featuring Daya","Don't Let Me Down",2017-01-07,"
29
",2017
"The Chainsmokers Featuring Emily Warren","Side Effects",2018-08-11,"
66
",2018
"The Chainsmokers Featuring Halsey","Closer",2017-01-07,"
10
",2017
"The Chainsmokers Featuring Kelsea Ballerini","This Feeling",2018-10-06,"
50
",2018
"The Chainsmokers Featuring Phoebe Ryan","All We Know",2017-01-07,"
80
",2017
"The Revivalists","Wish I Knew You",2017-08-19,"
84
",2017
"The Ronettes","Sleigh Ride",2018-12-22,"
26
",2018
"The Weeknd","Call Out My Name",2018-04-14,"
17
",2018
"The Weeknd","Party Monster",2017-01-07,"
36
",2017
"The Weeknd","Privilege",2018-04-14,"
52
",2018
"The Weeknd","Reminder",2017-01-07,"
100
",2017
"The Weeknd","Six Feet Under",2017-01-07,"
94
",2017
"The Weeknd","Try Me",2018-04-14,"
26
",2018
"The Weeknd","Wasted Times",2018-04-14,"
27
",2018
"The Weeknd & Kendrick Lamar","Pray For Me",2018-02-17,"
10
",2018
"The Weeknd Featuring Daft Punk","I Feel It Coming",2017-01-07,"
11
",2017
"The Weeknd Featuring Daft Punk","Starboy",2017-01-07,"
1
",2017
"The Weeknd Featuring Gesaffelstein","Hurt You",2018-04-14,"
43
",2018
"The Weeknd Featuring Gesaffelstein","I Was Never There",2018-04-14,"
35
",2018
"The Weeknd Featuring Kendrick Lamar","Sidewalks",2017-01-07,"
97
",2017
"Thomas Rhett","Life Changes",2018-07-07,"
36
",2018
"Thomas Rhett","Look What God Gave Her",2019-03-16,"
52
",2019
"Thomas Rhett","Marry Me",2017-12-23,"
30
",2017
"Thomas Rhett","Sixteen",2018-11-24,"
42
",2018
"Thomas Rhett","Star Of The Show",2017-01-07,"
 99
",2017
"Thomas Rhett","Unforgettable",2017-08-19,"
47
",2017
"Thomas Rhett Featuring Maren Morris","Craving You",2017-04-22,"
100
",2017
"Tiesto & Dzeko Featuring Preme & Post Malone","Jackie Chan",2018-07-21,"
100
",2018
"Tim McGraw","How I'll Always Be",2017-01-07,"
70
",2017
"Tim McGraw & Faith Hill","Speak To A Girl",2017-04-15,"
61
",2017
"Tim McGraw & Faith Hill","The Rest Of Our Life",2017-12-09,"
98
",2017
"TK Kravitz Featuring Jacqueez","Ocean",2018-07-28,"
76
",2018
"Tory Lanez & Rich The Kid","Talk To Me",2018-11-10,"
43
",2018
"Train","Play That Song",2017-01-07,"
41
",2017
"Travis Scott","5% Tint",2018-08-18,"
36
",2018
"Travis Scott","Astrothunder",2018-08-18,"
48
",2018
"Travis Scott","Beibs In The Trap",2017-01-21,"
90
",2017
"Travis Scott","Butterfly Effect",2017-06-17,"
50
",2017
"Travis Scott","Can't Say",2018-08-18,"
38
",2018
"Travis Scott","Carousel",2018-08-18,"
24
",2018
"Travis Scott","Coffee Bean",2018-08-18,"
68
",2018
"Travis Scott","Goosebumps",2017-01-14,"
32
",2017
"Travis Scott","Houstonfornication",2018-08-18,"
53
",2018
"Travis Scott","NC-17",2018-08-18,"
41
",2018
"Travis Scott","No Bystanders",2018-08-18,"
31
",2018
"Travis Scott","R.I.P Screw",2018-08-18,"
26
",2018
"Travis Scott","Sicko Mode",2018-08-18,"
1
",2018
"Travis Scott","Skeletons",2018-08-18,"
47
",2018
"Travis Scott","Stargazing",2018-08-18,"
27
",2018
"Travis Scott","Stop Trying To Be God",2018-08-18,"
27
",2018
"Travis Scott","Wake Up",2018-08-18,"
30
",2018
"Travis Scott","Who? What!",2018-08-18,"
43
",2018
"Travis Scott","Yosemite",2018-08-18,"
100
",2018
"Travis Scott Featuring Lil Uzi Vert & Kanye West","Watch",2018-05-19,"
16
",2018
"Trey Songz","Nobody Else But You",2017-06-24,"
92
",2017
"Trippie Redd","Love Scars 3",2018-11-24,"
73
",2018
"Trippie Redd","Taking A Walk",2018-08-25,"
46
",2018
"Trippie Redd","Topanga",2018-11-10,"
52
",2018
"Trippie Redd","Toxic Waste",2018-11-24,"
98
",2018
"Trippie Redd Featuring Juice WRLD","1400 / 999 Freestyle",2018-11-24,"
55
",2018
"Trippie Redd Featuring Kodie Shane","Negative Energy",2018-11-24,"
89
",2018
"Trippie Redd Featuring Travis Scott","Dark Knight Dummo",2017-12-30,"
100
",2017
"Troye Sivan","My My My!",2018-01-27,"
80
",2018
"twenty one pilots","Heathens",2017-01-07,"
12
",2017
"twenty one pilots","Jumpsuit",2018-07-21,"
50
",2018
"twenty one pilots","My Blood",2018-10-20,"
81
",2018
"twenty one pilots","Nico And The Niners",2018-07-28,"
79
",2018
"Tyga & Nicki Minaj","Dip",2018-11-10,"
63
",2018
"Tyga Featuring Offset","Taste",2018-06-09,"
10
",2018
"Tyler, The Creator","OKRA",2018-04-14,"
89
",2018
"Tyler, The Creator","Who Dat Boy",2017-07-22,"
87
",2017
"Ugly God","Water",2017-01-21,"
100
",2017
"Wale Featuring Lil Wayne","Running Back",2017-02-11,"
100
",2017
"WALK THE MOON","One Foot",2018-01-13,"
65
",2018
"Walker Hayes","You Broke Up With Me",2017-11-04,"
 83
",2017
"Weezer","Africa",2018-06-16,"
51
",2018
"Wham!","Last Christmas",2017-01-07,"
25
",2017
"Wham! Featuring George Michael","Careless Whisper",2017-01-14,"
33
",2017
"Wisin Featuring Ozuna","Escapate Conmigo",2017-07-01,"
63
",2017
"Wiz Khalifa Featuring Lil Skies","Fr Fr",2018-07-28,"
73
",2018
"Wiz Khalifa Featuring Swae Lee","Hopeless Romantic",2018-07-28,"
72
",2018
"Wiz Khalifa Featuring Ty Dolla $ign","Something New",2017-09-02,"
92
",2017
"X Ambassadors","Unsteady",2017-01-07,"
39
",2017
"XXXTENTACION","BAD!",2018-11-24,"
16
",2018
"XXXTENTACION","Carry On",2017-09-16,"
95
",2017
"XXXTENTACION","Changes",2018-03-17,"
 66
",2018
"XXXTENTACION","Depression & Obsession",2017-09-16,"
91
",2017
"XXXTENTACION","Difference (Interlude)",2018-12-22,"
84
",2018
"XXXTENTACION","Everybody Dies In Their Nightmares",2017-09-16,"
42
",2017
"XXXTENTACION","Going Down!",2018-03-31,"
95
",2018
"XXXTENTACION","Guardian Angel",2018-12-22,"
48
",2018
"XXXTENTACION","Hope",2018-06-30,"
70
",2018
"XXXTENTACION","I Don't Let Go",2018-12-22,"
51
",2018
"XXXTENTACION","Jocelyn Flores",2017-09-16,"
19
",2017
"XXXTENTACION","Look At Me!",2017-02-25,"
34
",2017
"XXXTENTACION","Moonlight",2018-03-31,"
13
",2018
"XXXTENTACION","Numb",2018-03-31,"
80
",2018
"XXXTENTACION","Revenge",2017-09-16,"
77
",2017
"XXXTENTACION","Sad!",2018-03-17,"
1
",2018
"XXXTENTACION","Sauce!",2019-02-09,"
89
",2019
"XXXTENTACION","Save Me",2017-09-16,"
94
",2017
"XXXTENTACION","Staring At The Sky",2018-12-22,"
68
",2018
"XXXTENTACION","The Remedy For A Broken Heart (Why Am I So In Love)",2018-03-31,"
 55
",2018
"XXXTENTACION","Train Food",2018-12-22,"
64
",2018
"XXXTENTACION","What Are You So Afraid Of",2018-12-22,"
65
",2018
"XXXTENTACION","whoa (mind in awe)",2018-12-22,"
37
",2018
"XXXTENTACION Featuring Joey Bada$$","Infinity (888)",2018-03-31,"
83
",2018
"XXXTENTACION Featuring Kanye West & Travis Barker","One Minute",2018-12-22,"
62
",2018
"XXXTENTACION Featuring Trippie Redd","F**k Love",2017-09-16,"
 49
",2017
"XXXTENTACION x Lil Pump Featuring Maluma & Swae Lee","Arms Around You",2018-11-10,"
28
",2018
"YBN Nahmir","Rubbin Off The Paint",2017-11-25,"
46
",2017
"Yella Beezy","That's On Me",2018-08-11,"
56
",2018
"YFN Lucci Featuring Migos & Trouble","Key To The Streets",2017-01-21,"
97
",2017
"YFN Lucci Featuring PnB Rock","Everyday We Lit",2017-04-29,"
33
",2017
"YG Featuring 2 Chainz, Big Sean & Nicki Minaj","Big Bank",2018-06-09,"
16
",2018
"YG Featuring A$AP Rocky","Handgun",2018-08-11,"
98
",2018
"YK Osiris","Worth It",2019-03-02,"
55
",2019
"YNW Melly","Murder On My Mind",2019-02-02,"
14
",2019
"YNW Melly Featuring Kanye West","Mixed Personalities",2019-02-02,"
42
",2019
"Yo Gotti","Juice",2017-12-23,"
100
",2017
"Yo Gotti Featuring Lil Baby","Put A Date On It",2019-02-09,"
46
",2019
"Yo Gotti Featuring Nicki Minaj","Rake It Up",2017-07-22,"
10
",2017
"Young M.A","OOOUUU",2017-01-07,"
19
",2017
"Young Thug And Travis Scott Featuring Quavo","Pick Up The Phone",2017-01-07,"
65
",2017
"Young Thug Featuring Future","Relationship",2017-07-08,"
65
",2017
"Young Thug Featuring Gunna & Lil Baby","Chanel (Go Get It)",2018-09-01,"
78
",2018
"Young Thug Featuring Nicki Minaj","Anybody",2018-04-28,"
89
",2018
"YoungBoy Never Broke Again","Diamond Teeth Samurai",2018-04-21,"
59
",2018
"YoungBoy Never Broke Again","No Smoke",2017-12-09,"
61
",2017
"YoungBoy Never Broke Again","Outside Today",2018-01-27,"
31
",2018
"YoungBoy Never Broke Again","Overdose",2018-05-12,"
42
",2018
"YoungBoy Never Broke Again","Preach",2018-05-19,"
98
",2018
"YoungBoy Never Broke Again","Untouchable",2017-09-02,"
95
",2017
"YoungBoy Never Broke Again","Valuable Pain",2019-01-19,"
87
",2019
"YoungBoy Never Broke Again Featuring Kevin Gates & Quando Rondo","I Am Who They Say I Am",2018-09-08,"
69
",2018
"Zac Brown Band","My Old Man",2017-02-25,"
68
",2017
"Zac Efron & Zendaya","Rewrite The Stars",2018-01-13,"
100
",2018
"Zara Larsson","Ruin My Life",2019-01-12,"
76
",2019
"Zay Hilfigerrr & Zayion McCall","Juju On That Beat (TZ Anthem)",2017-01-07,"
11
",2017
"Zayn","Let Me",2018-04-28,"
73
",2018
"Zayn / Taylor Swift","I Don't Wanna Live Forever (Fifty Shades Darker)",2017-01-07,"
12
",2017
"Zayn Featuring PARTYNEXTDOOR","Still Got Time",2017-04-15,"
66
",2017
"Zayn Featuring Sia","Dusk Till Dawn",2017-09-30,"
 72
",2017
"Zedd & Alessia Cara","Stay",2017-03-18,"
 23
",2017
"Zedd & Elley Duhe","Happy Now",2018-09-08,"
90
",2018
"Zedd & Katy Perry","365",2019-03-02,"
86
",2019
"Zedd & Liam Payne","Get Low",2017-07-29,"
91
",2017
"Zedd, Maren Morris & Grey","The Middle",2018-02-10,"
10
",2018
